_id,_rev,deviceType,deviceId,eventType,format,timestamp,dt1_HaifaSensorTopic_NO2,dt1_HaifaSensorTopic_NO,dt1_HaifaSensorTopic_NOX,dt1_HaifaSensorTopic_StWd,dt1_HaifaSensorTopic_WDS,dt1_HaifaSensorTopic_WDD,dt1_HaifaSensorTopic_ITemp,dt1_HaifaSensorTopic_O3,dt1_HaifaSensorTopic_SO2,dt1_HaifaSensorTopic_CO,dt1_HaifaSensorTopic_Filter,dt1_HaifaSensorTopic_PM10,dt1_HaifaSensorTopic_TEMP,dt1_HaifaSensorTopic_PM2_5,dt1_HaifaSensorTopic_FILTER25,dt1_HaifaSensorTopic_PM_10_25,dt1_HaifaSensorTopic_BP,dt1_HaifaSensorTopic_PREC,dt1_HaifaSensorTopic_O_Xyle,dt1_HaifaSensorTopic_EthylB,dt1_HaifaSensorTopic_BENZN,dt1_HaifaSensorTopic_TOL,dt1_HaifaSensorTopic_SR,dt1_HaifaSensorTopic_RH,dt1_HaifaSensorTopic_TOLUEN,dt1_HaifaSensorTopic_NO2_TRAFIC,dt1_HaifaSensorTopic_NO_TRAFIC,dt1_HaifaSensorTopic_NOX_TRAFIC,dt1_HaifaSensorTopic_CO_TRAFIC,date,time
00cf8dc1-5b6b-11e7-be46-11db47072f45,1-33477f891433c79f693d2572f5a039b8,dt1,44444444,HaifaSensorTopic,json,2017-06-27T19:01:19.132Z,5,0,4,22.09,1.3,299,,,,,,,,,,,,,,,,,,,,,,,,2017-06-27,19:01:19.132Z
00fea2f1-5b3d-11e7-be5b-9b2fbd9b47f7,1-fe54090b8ff3ed08106ab6cb5fc70b1d,dt1,44444444,HaifaSensorTopic,json,2017-06-27T13:32:02.591Z,5,0,5,21.86,3,300,,,,,,,,,,,,,,,,,,,,,,,,2017-06-27,13:32:02.591Z
02ac4c90-5b35-11e7-b699-635e31eb489f,1-0568acabaab7fd60b8dbb9c0c9b4c109,dt1,99999999,HaifaSensorTopic,json,2017-06-27T12:34:49.433Z,19.3,4,25.5,,,,25.6,77.8,0.4,-0.04,13,34.2,28.4,18,2,16.2,1004,0,,,,,,,,,,,,2017-06-27,12:34:49.433Z
03d47d70-5b78-11e7-a93b-531f5ab624d9,1-a384b1c373da91503a6843a226e60a5b,dt1,77777777,HaifaSensorTopic,json,2017-06-27T20:34:27.655Z,10.9,-0.1,10.7,9.82,1.2,316,,,0.9,,,,23.5,16.9,,,,,0,0.7,-0.19,1.4,,,,,,,,2017-06-27,20:34:27.655Z
040dc5a1-5b67-11e7-b699-635e31eb489f,1-1538655cd577db3a55fc6fbe0a86eb6c,dt1,77777777,HaifaSensorTopic,json,2017-06-27T18:32:46.586Z,11.6,-0.5,10.8,13.64,1.5,312,,,0.8,,,,24,9.5,,,,,-0.1,0.4,-0.21,0.4,,,,,,,,2017-06-27,18:32:46.586Z
0461f060-5b78-11e7-9fcc-5155edd3565e,1-0c0c98f3145b7e72ac33adb977e9b584,dt1,88888888,HaifaSensorTopic,json,2017-06-27T20:34:28.582Z,6.2,3.3,11.4,14.53,1,284,22.3,65.6,0,,20,20.2,24.5,9.9,44,10.3,1003,0,,,,,7.5,,,,,,,2017-06-27,20:34:28.582Z
047043b1-5b35-11e7-a93b-531f5ab624d9,1-5ba695737fd8a41e854f98c9264946e1,dt1,10101010,HaifaSensorTopic,json,2017-06-27T12:34:52.395Z,11.5,0.9,13.1,,2.5,358,21,88.4,0,0.3,5,35.1,27.3,12.4,39,22.6,983,0,,,,,863.3,61,,,,,,2017-06-27,12:34:52.395Z
04ad94a0-5b52-11e7-be76-c98d129bf71b,1-add8a7666b641bcef1ccff6134027251,dt1,77777777,HaifaSensorTopic,json,2017-06-27T16:02:28.202Z,6.1,0.3,6.5,14.97,1.6,316,,,0.4,,,,25.1,16.6,,,,,-0.2,0,-0.27,0,,,,,,,,2017-06-27,16:02:28.202Z
063ebd51-5b91-11e7-bad1-1187caee0f54,1-5028ff3f58715d2e7dccd4204f25816b,dt1,77777777,HaifaSensorTopic,json,2017-06-27T23:33:29.125Z,7.4,-1.1,5.7,11.34,0.8,116,,,,,,,21.3,21.9,,,,,-0.2,0.3,-0.18,1.1,,,,,,,,2017-06-27,23:33:29.125Z
068521b0-5b7c-11e7-be5b-9b2fbd9b47f7,1-620a5cc01bc3ad30c7c0e1a7e5a9b989,dt1,77777777,HaifaSensorTopic,json,2017-06-27T21:03:10.155Z,9.9,-0.3,9.4,11.84,1.1,322,,,0.9,,,,23.4,13.2,,,,,0,0.8,-0.17,1.6,,,,,,,,2017-06-27,21:03:10.155Z
068d23e0-5b6f-11e7-9fcc-5155edd3565e,1-7e5e9ed4f2d3fad92ac4b38714d1836d,dt1,11111111,HaifaSensorTopic,json,2017-06-27T19:30:06.750Z,1.7,-0.1,1.4,21.81,0.8,62,24.2,59.9,3.4,,,,,,,,,,,,,,,,,,,,,2017-06-27,19:30:06.750Z
06dab100-5b56-11e7-850b-2d29818a3f51,1-b1947f6074db2c0c5085571ffbf15e91,dt1,33333333,HaifaSensorTopic,json,2017-06-27T16:31:09.840Z,,,,,,,,,0,,,,,,,,,,,,,,,,,,,,,2017-06-27,16:31:09.840Z
08866cc0-5b78-11e7-9fcc-5155edd3565e,1-94c76e52e3a63a3a9e843da7e5c8099c,dt1,99999999,HaifaSensorTopic,json,2017-06-27T20:34:35.532Z,10.6,-0.1,10.4,,,,25.6,72.8,0.2,-0.02,15,16.8,23.3,10,2,6.8,1005,0,,,,,,,,,,,,2017-06-27,20:34:35.532Z
0913b8a1-5b78-11e7-850b-2d29818a3f51,1-63e6316a63f037e7b7a1bcaaf776086a,dt1,10101010,HaifaSensorTopic,json,2017-06-27T20:34:36.458Z,15.6,-0.2,15.1,,1.5,300,20.6,66.4,-0.4,0.37,5,24.4,23.3,16,40,8.4,984,0,,,,,39.8,82,,,,,,2017-06-27,20:34:36.458Z
09841960-5b46-11e7-be46-11db47072f45,1-20c4c25718b66506787827255f76d95f,dt1,50505050,HaifaSensorTopic,json,2017-06-27T14:36:42.358Z,11.4,3.6,17,21.33,1.7,310,26.9,72.6,1,,17,26,26.9,21.3,30,,,0,0,0,-0.22,,,60,0.5,29,10,45,0.29,2017-06-27,14:36:42.358Z
09c8c9e1-5b4e-11e7-9fcc-5155edd3565e,1-18e10eb219e3f2e0fafc2f27f49179bb,dt1,77777777,HaifaSensorTopic,json,2017-06-27T15:33:58.782Z,3.2,-0.8,1.9,14.35,2.6,321,,,0.3,,,,25.7,24.2,,,,,-0.2,0,-0.27,0,,,,,,,,2017-06-27,15:33:58.782Z
09eb0140-5b35-11e7-bec8-f11298c767ab,1-f2a5df6d2955253a4ec79724367eef1f,dt1,20202020,HaifaSensorTopic,json,2017-06-27T12:35:01.588Z,15,0,16,18.39,5.4,336,26.6,98,1.3,,,,,,,,,,,,,,,,,,,,,2017-06-27,12:35:01.588Z
0aa01451-5ad0-11e7-bafa-69aa55149b82,1-762478dfe3b9254cfb2146f4bae7ea38,dt1,66666666,HaifaSensorTopic,json,2017-06-27T00:32:03.605Z,14.6,-0.3,14,,0.3,175,,,-0.7,,44,18.4,,,,,,,0,-0.5,-0.09,,,,0,,,,,2017-06-27,00:32:03.605Z
0d923580-5b70-11e7-bad1-1187caee0f54,1-18e68c520199e61f04d4c574c962b083,dt1,60606060,HaifaSensorTopic,json,2017-06-27T19:37:28.024Z,7.3,0.1,7.4,,,,,38,,0.2,,18,,9,,,,,0,0.1,0,,,,0.1,,,,,2017-06-27,19:37:28.024Z
0de59890-5b63-11e7-be76-c98d129bf71b,1-13e30c80b2f9b9c5b3ba19295eaa37dd,dt1,77777777,HaifaSensorTopic,json,2017-06-27T18:04:25.113Z,6.1,0.7,7.2,15.69,1.6,321,,,0.2,,,,24.4,9,,,,,-0.2,0.1,-0.22,0.3,,,,,,,,2017-06-27,18:04:25.113Z
114b47e0-5b5a-11e7-bad1-1187caee0f54,1-d02a0cf8236b9216a1c380469a39b785,dt1,11111111,HaifaSensorTopic,json,2017-06-27T17:00:05.342Z,3,0,3.1,21.53,1.3,19,24.4,56.8,3.3,,,,,,,,,,,,,,,,,,,,,2017-06-27,17:00:05.342Z
124a3f93-5ad1-11e7-850b-2d29818a3f51,1-e79ba7ee22d6d4ae195122168f48a98a,dt1,80808080,HaifaSensorTopic,json,2017-06-27T00:39:25.961Z,12.3,0.1,12.5,,,,,10,,0.26,,32,,17,,,,,0,0.2,0.3,,,,1.2,,,,,2017-06-27,00:39:25.961Z
1360d940-5b8d-11e7-a93b-531f5ab624d9,1-b56876d5883d992ae9a31bb650665512,dt1,60606060,HaifaSensorTopic,json,2017-06-27T23:05:13.172Z,8.2,0,8.3,,,,,20,,0.27,,18,,6,,,,,0,0,0,,,,0,,,,,2017-06-27,23:05:13.172Z
136cac01-5b80-11e7-be5b-9b2fbd9b47f7,1-54c4a62b12baa09a87610d2646aed895,dt1,44444444,HaifaSensorTopic,json,2017-06-27T21:32:09.792Z,2,0,1,26.25,1,313,,,,,,,,,,,,,,,,,,,,,,,,2017-06-27,21:32:09.792Z
13871b32-5b67-11e7-be76-c98d129bf71b,1-6cb12089d5bb01ae3736aad5563fe395,dt1,88888888,HaifaSensorTopic,json,2017-06-27T18:33:12.547Z,8.4,3.5,13.9,17.26,1.3,290,22.3,63,-0.2,,20,15.9,25,10.5,44,5.3,1004,0,,,,,7.4,,,,,,,2017-06-27,18:33:12.547Z
140b7920-5b35-11e7-b699-635e31eb489f,1-915362830e3a9aecd7ac1fec602e9fe1,dt1,30303030,HaifaSensorTopic,json,2017-06-27T12:35:18.578Z,1.8,0.2,2.1,9.9,1.1,269,28.2,,0.6,,,,29.7,,,,,,,,,,,45,,,,,,2017-06-27,12:35:18.578Z
15b862d0-5b56-11e7-bafa-69aa55149b82,1-27c3c003ee74a414bdd59e4fb729f9c4,dt1,44444444,HaifaSensorTopic,json,2017-06-27T16:31:34.781Z,10,0,9,25.09,1.6,307,,,,,,,,,,,,,,,,,,,,,,,,2017-06-27,16:31:34.781Z
15ef4e26-5b52-11e7-bad1-1187caee0f54,1-ee6d14b989ba6d6153cd3d3cf19e00dc,dt1,88888888,HaifaSensorTopic,json,2017-06-27T16:02:57.154Z,5.1,3.7,10.8,19.74,1.9,283,22.2,69.4,0,,19,23.3,25.8,12.8,44,10.5,1003,0,,,,,7.7,,,,,,,2017-06-27,16:02:57.154Z
15efa5a7-5b39-11e7-af6b-2995d6c87ad5,1-3431ad265f89524a66ecb225bfe5a3a6,dt1,66666666,HaifaSensorTopic,json,2017-06-27T13:03:59.738Z,2.8,0.2,3.2,,3.2,349,,,-0.8,,44,26.3,,,,,,,0,-0.5,-0.09,,,,0,,,,,2017-06-27,13:03:59.738Z
16e28af0-5b56-11e7-a93b-531f5ab624d9,1-8b151399a73df6bf60060d7b9480e48e,dt1,55555555,HaifaSensorTopic,json,2017-06-27T16:31:36.735Z,5.1,-1.7,2.4,19.9,1.8,312,23.5,79.8,0,,53,,,24.6,,,,,,,,,,,,,,,,2017-06-27,16:31:36.735Z
18b4ca01-5b42-11e7-850b-2d29818a3f51,1-4d7b852c57e004e365beca1d2b41ddd1,dt1,50505050,HaifaSensorTopic,json,2017-06-27T14:08:29.856Z,15.9,6.5,25.9,20.2,2.1,312,26.8,79.8,0,,17,27,26.9,21.5,30,,,0,0.1,0.1,-0.21,,,61,0.9,43,15,67,0.54,2017-06-27,14:08:29.856Z
1a71b640-5b84-11e7-9fcc-5155edd3565e,1-d5e6af349871eb29ca8d23d9d461e253,dt1,33333333,HaifaSensorTopic,json,2017-06-27T22:00:59.556Z,,,,,,,,,0,,,,,,,,,,,,,,,,,,,,,2017-06-27,22:00:59.556Z
1b926b81-5b63-11e7-be76-c98d129bf71b,1-5cc6de8bcc28e7bf94ff92b55a353e50,dt1,88888888,HaifaSensorTopic,json,2017-06-27T18:04:48.056Z,6.3,3.7,12,19.4,1.4,298,22.3,65.7,-0.1,,19,21.4,25.1,12.2,44,9.2,1003,0,,,,,7.5,,,,,,,2017-06-27,18:04:48.056Z
1d428820-5b45-11e7-9fcc-5155edd3565e,1-06a726d117e5b035cc1ee32d26f7e468,dt1,11111111,HaifaSensorTopic,json,2017-06-27T14:30:05.986Z,1.4,-0.2,1.1,17.57,2.3,8,24.9,57,2.6,,,,,,,,,,,,,,,,,,,,,2017-06-27,14:30:05.986Z
1d767ee1-5b91-11e7-be5b-9b2fbd9b47f7,1-17be7ea7e1bbf2a32864468ee296dbd5,dt1,88888888,HaifaSensorTopic,json,2017-06-27T23:34:08.078Z,,,,15.86,0.1,1,23,56.5,0,,20,25.3,23.6,10,45,15.2,1002,0,,,,,9.4,,,,,,,2017-06-27,23:34:08.078Z
1d876ab0-5ad4-11e7-be46-11db47072f45,1-735425b4b9507a9e0ee87a8183a63e4b,dt1,33333333,HaifaSensorTopic,json,2017-06-27T01:01:13.307Z,,,,,,,,,0,,,,,,,,,,,,,,,,,,,,,2017-06-27,01:01:13.307Z
1d9c1379-5b3d-11e7-850b-2d29818a3f51,1-e3eb544ae1e53cb8d7e22589de37a07d,dt1,55555555,HaifaSensorTopic,json,2017-06-27T13:32:50.599Z,11.1,-1.2,9.2,23.36,2.7,321,23.1,101.8,0.3,,52,,,28.5,,,,,,,,,,,,,,,,2017-06-27,13:32:50.599Z
1ded7922-5acc-11e7-bad1-1187caee0f54,1-6a3bf00ae9a6445b4caf1cb913555769,dt1,10101010,HaifaSensorTopic,json,2017-06-27T00:03:58.002Z,1.5,0,1.4,,,,25.6,92,-1.3,,15,16.4,22.7,10.8,3,5.5,1004,0,,,,,,,,,,,,2017-06-27,00:03:58.002Z
1e9d6e24-5b4e-11e7-bad1-1187caee0f54,1-c3377dbd4540f358a4c7311a562adf6e,dt1,88888888,HaifaSensorTopic,json,2017-06-27T15:34:33.730Z,3.9,3.4,9.2,18.21,2.5,295,22.2,70.3,0,,19,27.9,26.3,14.7,44,13.1,1002,0,,,,,14.3,,,,,,,2017-06-27,15:34:33.730Z
222aad66-5b6b-11e7-850b-2d29818a3f51,1-b8446ccb3ebb90d8491aac47766e9dbc,dt1,55555555,HaifaSensorTopic,json,2017-06-27T19:02:15.094Z,10.6,-2,7.6,19.49,1.4,311,23.6,67.7,0,,53,,,15.2,,,,,,,,,,,,,,,,2017-06-27,19:02:15.094Z
22560620-5b4a-11e7-be76-c98d129bf71b,1-18d8bb11dbad20b0cc3639d4953fb3b1,dt1,50505050,HaifaSensorTopic,json,2017-06-27T15:06:01.986Z,18.9,3.8,24.8,37.3,0.9,341,27,79.6,0.2,,17,27,26.5,21.3,30,,,0,0.1,0,-0.2,,,61,0.6,52,31,99,0.42,2017-06-27,15:06:01.986Z
226aaf50-5b39-11e7-9fcc-5155edd3565e,1-e139529d995cda3fea3987f4d803e975,dt1,77777777,HaifaSensorTopic,json,2017-06-27T13:04:20.677Z,8.3,0.2,8.7,15.86,3.4,317,,,0.9,,,,27.3,18,,,,,-0.2,0.2,-0.24,1.3,,,,,,,,2017-06-27,13:04:20.677Z
22c3afb1-5b84-11e7-bad1-1187caee0f54,1-5c6a359206627129abe6427a246644b3,dt1,44444444,HaifaSensorTopic,json,2017-06-27T22:01:13.515Z,5,0,3,54.42,0.2,327,,,,,,,,,,,,,,,,,,,,,,,,2017-06-27,22:01:13.515Z
23b0a160-5b7c-11e7-a93b-531f5ab624d9,1-8d948cc9583ccccc16e033f91c71b526,dt1,88888888,HaifaSensorTopic,json,2017-06-27T21:03:59.094Z,4.9,3.2,9.9,18.72,0.9,289,22.3,67.2,0.1,,20,12.2,24.5,8.6,44,3.5,1003,0,,,,,7.8,,,,,,,2017-06-27,21:03:59.094Z
2507b5e0-5acc-11e7-be46-11db47072f45,1-831126575799a36a9b4262db8ba72dfa,dt1,20202020,HaifaSensorTopic,json,2017-06-27T00:04:09.918Z,8.4,-0.1,8.1,,1.8,257,20.9,72.6,-0.3,0.27,5,,22.5,6.8,40,-8.1,983,0,,,,,39.6,80,,,,,,2017-06-27,00:04:09.918Z
29af1d70-5b46-11e7-af6b-2995d6c87ad5,1-391f553ccc934c439ee934fd93cc125f,dt1,60606060,HaifaSensorTopic,json,2017-06-27T14:37:36.327Z,2.9,0.5,3.5,,,,,42,,0.2,,17,,11,,,,,0,0.1,0,,,,0.1,,,,,2017-06-27,14:37:36.327Z
2a47eaf0-5b5a-11e7-b699-635e31eb489f,1-a9daa3603d84741b5270a314c7c5608c,dt1,33333333,HaifaSensorTopic,json,2017-06-27T17:00:47.263Z,,,,,,,,,0,,,,,,,,,,,,,,,,,,,,,2017-06-27,17:00:47.263Z
2a9cd5a2-5b42-11e7-be5b-9b2fbd9b47f7,1-572bd69573e43c3b708957809555e178,dt1,60606060,HaifaSensorTopic,json,2017-06-27T14:08:59.898Z,4.1,0.6,4.7,,,,,41,,0.2,,18,,11,,,,,0,0,0,,,,0.1,,,,,2017-06-27,14:08:59.898Z
2ada9f21-5b88-11e7-be76-c98d129bf71b,1-fb907a727c20ab1e61640022728e056b,dt1,11111111,HaifaSensorTopic,json,2017-06-27T22:30:05.074Z,,,,36.67,0.2,231,23.7,50,2.3,,,,,,,,,,,,,,,,,,,,,2017-06-27,22:30:05.074Z
2c384da0-5b78-11e7-be46-11db47072f45,1-33727a366dad00b81faabf983717825a,dt1,20202020,HaifaSensorTopic,json,2017-06-27T20:35:35.418Z,25,0,24,11.15,2.6,337,27.2,55,0.5,,,,,,,,,,,,,,,,,,,,,2017-06-27,20:35:35.418Z
2c81e980-5b67-11e7-be46-11db47072f45,1-5fa031373b516589639f9f7d603710fb,dt1,99999999,HaifaSensorTopic,json,2017-06-27T18:33:54.456Z,23.7,0,23.6,,,,25.7,55.9,0.3,-0.04,14,25.9,23.6,14.5,2,11.3,1005,0,,,,,,,,,,,,2017-06-27,18:33:54.456Z
2ca0c2ca-5ad0-11e7-bafa-69aa55149b82,1-4199443cddeda52a9a27dd6548056420,dt1,77777777,HaifaSensorTopic,json,2017-06-27T00:33:00.652Z,,,,10.91,0.6,121,,,0.6,,,,20.5,13.3,,,,,-0.2,0.3,-0.21,1,,,,,,,,2017-06-27,00:33:00.652Z
2d9e0e18-5b4a-11e7-b699-635e31eb489f,1-a26483d5c37668272770355a978b2ef4,dt1,60606060,HaifaSensorTopic,json,2017-06-27T15:06:20.913Z,4.5,0.7,5.2,,,,,42,,0.2,,21,,13,,,,,0,0,0,,,,0.1,,,,,2017-06-27,15:06:20.913Z
2ec56620-5b41-11e7-be5b-9b2fbd9b47f7,1-87a83fa2d4b8be02ed628aef78a4d753,dt1,33333333,HaifaSensorTopic,json,2017-06-27T14:01:57.378Z,,,,,,,,,0,,,,,,,,,,,,,,,,,,,,,2017-06-27,14:01:57.378Z
308df583-5b5f-11e7-be5b-9b2fbd9b47f7,1-e4e4752a835e0ca6556ce20a3c7b158f,dt1,50505050,HaifaSensorTopic,json,2017-06-27T17:36:45.272Z,10.5,-0.6,9.5,22.67,0.9,36,26.5,71.4,0.4,,17,29,25.7,22.6,30,,,0,0,0,-0.19,,,64,0.6,11,0,11,0.59,2017-06-27,17:36:45.272Z
3231eb10-5b6b-11e7-be46-11db47072f45,1-f2e5d5495e689f15b3d7c094f5c3655b,dt1,66666666,HaifaSensorTopic,json,2017-06-27T19:02:41.985Z,2.6,-0.8,1.3,,1.5,0,,,-0.8,,44,18.5,,,,,,,0,-0.5,-0.04,,,,0,,,,,2017-06-27,19:02:41.985Z
32dadb73-5b4e-11e7-be46-11db47072f45,1-383fe336c07d9cebd5484a34cac4eefa,dt1,99999999,HaifaSensorTopic,json,2017-06-27T15:35:07.687Z,28.6,4.1,35,,,,25.5,63.5,0.2,-0.04,14,30.4,24.9,16.8,2,13.5,1004,0,,,,,,,,,,,,2017-06-27,15:35:07.687Z
331f88c1-5b52-11e7-bafa-69aa55149b82,1-c7dd1f72841265dbba884ddf6b6dd0d5,dt1,99999999,HaifaSensorTopic,json,2017-06-27T16:03:46.124Z,30.4,4.8,37.9,,,,25.6,55.7,0.2,-0.04,14,30.4,24.5,16.7,2,13.6,1004,0,,,,,,,,,,,,2017-06-27,16:03:46.124Z
3392f520-5b80-11e7-a93b-531f5ab624d9,1-cc937104d0069b04c649f80345c9c137,dt1,55555555,HaifaSensorTopic,json,2017-06-27T21:33:03.730Z,13.9,-2,10.7,19.19,1.3,309,23.6,67.3,0,,53,,,15,,,,,,,,,,,,,,,,2017-06-27,21:33:03.730Z
34200610-5ad4-11e7-a93b-531f5ab624d9,1-5d1acf39d6da2888f0a23628c160475e,dt1,44444444,HaifaSensorTopic,json,2017-06-27T01:01:51.217Z,36,2,40,13.12,0.7,108,,,,,,,,,,,,,,,,,,,,,,,,2017-06-27,01:01:51.217Z
35211bc1-5b6b-11e7-9fcc-5155edd3565e,1-fe3a6d7301e6a652c024fd8cab6a23a3,dt1,77777777,HaifaSensorTopic,json,2017-06-27T19:02:46.908Z,8,-0.6,7.1,11.75,1.4,311,,,0.5,,,,23.6,12.3,,,,,-0.1,0.4,-0.19,0.4,,,,,,,,2017-06-27,19:02:46.908Z
3544b410-5b91-11e7-9fcc-5155edd3565e,1-90eea0cebda88abeec7248cc40bbbaf6,dt1,99999999,HaifaSensorTopic,json,2017-06-27T23:34:48.017Z,,,,,,,25.7,91.6,-1.2,0,15,14.1,22.7,8.8,3,5.3,1004,0,,,,,,,,,,,,2017-06-27,23:34:48.017Z
35486bf1-5b41-11e7-b699-635e31eb489f,1-82cfd07c39c061b2b34519b8680e8de2,dt1,44444444,HaifaSensorTopic,json,2017-06-27T14:02:08.303Z,5,0,5,23.04,2.9,302,,,,,,,,,,,,,,,,,,,,,,,,2017-06-27,14:02:08.303Z
378cbe30-5b63-11e7-b699-635e31eb489f,1-2be3d2e7838627b7bea9483d08cf4ae2,dt1,99999999,HaifaSensorTopic,json,2017-06-27T18:05:34.995Z,22.7,0.3,23.3,,,,25.8,59.2,0.2,-0.04,14,28.6,23.7,14,2,14.5,1005,0,,,,,,,,,,,,2017-06-27,18:05:34.995Z
379dd231-5b84-11e7-ba35-57d3c3dd3fe8,1-58c91210dae778f1580fe2fc2f0e7111,dt1,55555555,HaifaSensorTopic,json,2017-06-27T22:01:48.499Z,12.4,-1.9,9.5,20.33,1.1,312,23.6,67.9,0,,53,,,12.1,,,,,,,,,,,,,,,,2017-06-27,22:01:48.499Z
37a22de1-5b56-11e7-bec8-f11298c767ab,1-9bc4a657c6f73ae29b817a97ec543cf5,dt1,66666666,HaifaSensorTopic,json,2017-06-27T16:32:31.678Z,4.5,-0.5,3.6,,2.4,0,,,-0.6,,44,23,,,,,,,0,-0.5,0,,,,0.1,,,,,2017-06-27,16:32:31.678Z
381d6570-5b63-11e7-be76-c98d129bf71b,1-11bbe75ffa9333a88d1ba43e2d6ca86a,dt1,10101010,HaifaSensorTopic,json,2017-06-27T18:05:35.943Z,19.3,-0.2,18.9,,1.4,341,21.1,68.4,0.1,0.29,5,34.8,23.7,12.4,40,22.4,984,0,,,,,39.6,82,,,,,,2017-06-27,18:05:35.943Z
383fc740-5b73-11e7-af6b-2995d6c87ad5,1-2c92793d5ded47607a6911a98e4dcae7,dt1,11111111,HaifaSensorTopic,json,2017-06-27T20:00:08.116Z,1.8,-0.1,1.6,21.23,0.8,61,24.3,60.2,3.8,,,,,,,,,,,,,,,,,,,,,2017-06-27,20:00:08.116Z
384fb9e0-5b80-11e7-bafa-69aa55149b82,1-0fc2ffe005c114aad812a841b81fe122,dt1,66666666,HaifaSensorTopic,json,2017-06-27T21:33:11.678Z,3.4,-0.1,3.3,,2.2,356,,,-0.9,,44,24.6,,,,,,,0,-0.5,-0.09,,,,0,,,,,2017-06-27,21:33:11.678Z
3869f411-5b3d-11e7-be76-c98d129bf71b,1-fcd87f3f6b390cda1294274ea3aa7687,dt1,66666666,HaifaSensorTopic,json,2017-06-27T13:33:35.569Z,3.2,0.5,4,,3.2,355,,,-1,,44,28,,,,,,,0,-0.5,-0.09,,,,0,,,,,2017-06-27,13:33:35.569Z
39ffcb20-5b91-11e7-be46-11db47072f45,1-30d79a6960d9b374cf1429a934e8cfb4,dt1,10101010,HaifaSensorTopic,json,2017-06-27T23:34:55.954Z,4.5,-0.2,4.2,,1.6,268,20.9,77.2,-0.4,0.27,5,5.6,22.7,8,40,-2.3,983,0,,,,,39.8,81,,,,,,2017-06-27,23:34:55.954Z
3ba97264-5b63-11e7-a93b-531f5ab624d9,1-f0cfd9412bd23601dec493814cd12340,dt1,20202020,HaifaSensorTopic,json,2017-06-27T18:05:41.894Z,13,0,12,8.58,3.3,328,27.1,74,0.3,,,,,,,,,,,,,,,,,,,,,2017-06-27,18:05:41.894Z
3cbb6db0-5b5a-11e7-be76-c98d129bf71b,1-dff87721afe286f00e084f8a1667a72c,dt1,44444444,HaifaSensorTopic,json,2017-06-27T17:01:18.219Z,8,0,7,24.83,1.6,313,,,,,,,,,,,,,,,,,,,,,,,,2017-06-27,17:01:18.219Z
3d69edb0-5acc-11e7-be5b-9b2fbd9b47f7,1-1a3feb6777d5a9b0d88616fb93fea6ab,dt1,30303030,HaifaSensorTopic,json,2017-06-27T00:04:50.827Z,8,0,7,53.81,0.3,128,27.1,,-0.3,,,,,,,,,,,,,,,,,,,,,2017-06-27,00:04:50.827Z
3d785970-5b78-11e7-9fcc-5155edd3565e,1-d455776c296c0472b3fa1300336d180d,dt1,30303030,HaifaSensorTopic,json,2017-06-27T20:36:04.359Z,3.5,0,3.4,18.03,0.7,284,25.7,,0,,,,23.1,,,,,,,,,,,53,,,,,,2017-06-27,20:36:04.359Z
3f99cf23-5b52-11e7-850b-2d29818a3f51,1-75aaa747912e761176ecb932cb3356cf,dt1,10101010,HaifaSensorTopic,json,2017-06-27T16:04:07.058Z,20.8,-0.1,20.5,,1.4,348,21.4,70.6,2.1,0.26,5,27.5,24.3,11.2,40,16.3,984,0,,,,,51.8,77,,,,,,2017-06-27,16:04:07.058Z
4024b032-5b35-11e7-be76-c98d129bf71b,1-a20701ebf5864847addf0244938e0a1b,dt1,50505050,HaifaSensorTopic,json,2017-06-27T12:36:32.563Z,15.7,7.1,26.6,20.43,2.2,315,26.4,76.7,0,,17,28,27.6,21.1,30,,,0,0.2,0.1,-0.18,,,56,3.7,39,14,61,0,2017-06-27,12:36:32.563Z
402916d6-5b52-11e7-a93b-531f5ab624d9,1-c7da7a2857a63c46dd2c482011d0dd6f,dt1,20202020,HaifaSensorTopic,json,2017-06-27T16:04:07.997Z,11,0,10,10.33,3.9,326,27.3,79,0.7,,,,,,,,,,,,,,,,,,,,,2017-06-27,16:04:07.997Z
4174dea6-5b7c-11e7-be5b-9b2fbd9b47f7,1-883d9563eb55c47612e9b1238ec8c7af,dt1,99999999,HaifaSensorTopic,json,2017-06-27T21:04:49.034Z,5.8,-0.3,5.3,,,,25.7,82.2,0,-0.03,15,17.3,23.3,9.6,2,7.7,1005,0,,,,,,,,,,,,2017-06-27,21:04:49.034Z
424d7ed0-5b91-11e7-bad1-1187caee0f54,1-b63767c9abbffb1598c8bbfcdc9057a8,dt1,20202020,HaifaSensorTopic,json,2017-06-27T23:35:09.885Z,9,0,8,51.71,0.2,147,27.2,64,-0.3,,,,,,,,,,,,,,,,,,,,,2017-06-27,23:35:09.885Z
42864a41-5b5e-11e7-b699-635e31eb489f,1-3bd659bfe42eba4c466e29b9e82a0d61,dt1,11111111,HaifaSensorTopic,json,2017-06-27T17:30:05.924Z,2.4,0,2.3,26.86,0.8,44,24.4,55.5,3.2,,,,,,,,,,,,,,,,,,,,,2017-06-27,17:30:05.924Z
42885701-5b67-11e7-bafa-69aa55149b82,1-0660385095544b24f464c20adc92fa0d,dt1,10101010,HaifaSensorTopic,json,2017-06-27T18:34:31.408Z,26,-0.1,25.7,,1.3,337,21,61.3,1.2,0.34,5,38,23.6,18,40,19.9,984,0,,,,,39.6,83,,,,,,2017-06-27,18:34:31.408Z
429da2a1-5b39-11e7-850b-2d29818a3f51,1-019051ff3de259545e77329f1f2384df,dt1,88888888,HaifaSensorTopic,json,2017-06-27T13:05:14.698Z,3.5,3.6,9,21.84,3.3,274,21.9,73.8,0,,19,43.2,27.7,18.7,43,24.5,1002,0,,,,,213.4,,,,,,,2017-06-27,13:05:14.698Z
42b93161-5b6f-11e7-af6b-2995d6c87ad5,1-acd8dcde4bf12e53eac4441bbe531288,dt1,33333333,HaifaSensorTopic,json,2017-06-27T19:31:47.702Z,,,,,,,,,0,,,,,,,,,,,,,,,,,,,,,2017-06-27,19:31:47.702Z
434803e0-5b6f-11e7-bafa-69aa55149b82,1-4859c42b23b867f40ad14d86a8d601c3,dt1,44444444,HaifaSensorTopic,json,2017-06-27T19:31:48.638Z,5,0,4,21.86,1.2,306,,,,,,,,,,,,,,,,,,,,,,,,2017-06-27,19:31:48.638Z
445889c0-5ad0-11e7-be76-c98d129bf71b,1-cc146d546e697ed3b1f41469534a8882,dt1,99999999,HaifaSensorTopic,json,2017-06-27T00:33:40.444Z,9.8,2.7,14,17.75,0.3,129,22.3,43.1,-0.1,,20,29.3,23.2,13.5,45,15.8,1002,0,,,,,9.4,,,,,,,2017-06-27,00:33:40.444Z
446f0441-5b5a-11e7-bad1-1187caee0f54,1-fd208cdf9705ab0a11189049d0f3f345,dt1,55555555,HaifaSensorTopic,json,2017-06-27T17:01:31.140Z,6.7,-1.7,4.1,20.58,1.9,315,23.6,80.3,0,,53,,,20.4,,,,,,,,,,,,,,,,2017-06-27,17:01:31.140Z
44e96a90-5b3d-11e7-bad1-1187caee0f54,1-94cb7cffe57e6a6a90aab36933f1d054,dt1,77777777,HaifaSensorTopic,json,2017-06-27T13:33:56.537Z,6.6,0,6.8,18.9,3.4,320,,,0.9,,,,27,11.5,,,,,-0.2,0.1,-0.28,0.9,,,,,,,,2017-06-27,13:33:56.537Z
45f58693-5b41-11e7-b699-635e31eb489f,1-4a3d9b268e10dc85c84431fe816dd9fe,dt1,55555555,HaifaSensorTopic,json,2017-06-27T14:02:36.281Z,9,-1.5,6.5,25.59,2.7,322,23.1,93.4,0.5,,52,,,28.3,,,,,,,,,,,,,,,,2017-06-27,14:02:36.281Z
46afd2b2-5b3d-11e7-af6b-2995d6c87ad5,1-692d6aedcfcc6b98ac4619d970202a99,dt1,88888888,HaifaSensorTopic,json,2017-06-27T13:33:59.515Z,3.2,3.8,9.1,19.48,3.5,274,22,74.2,-0.2,,19,31.2,27.4,15.9,43,15.2,1002,0,,,,,156.4,,,,,,,2017-06-27,13:33:59.515Z
496b3e00-5b91-11e7-bec8-f11298c767ab,1-4ff2c1b940c1d3c2db66c3671b208511,dt1,30303030,HaifaSensorTopic,json,2017-06-27T23:35:21.824Z,-1.3,-0.1,-1.4,5.93,0.7,275,25.5,,0,,,,22.1,,,,,,,,,,,59,,,,,,2017-06-27,23:35:21.824Z
4a15f862-5b4e-11e7-be5b-9b2fbd9b47f7,1-7b8e8fdcc2acfa7ac26169395ad4b76d,dt1,10101010,HaifaSensorTopic,json,2017-06-27T15:35:46.662Z,22.2,0.1,22.4,,1.8,0,21.4,66.9,0.3,0.27,5,32.1,24.8,12.7,39,19.4,983,0,,,,,122,76,,,,,,2017-06-27,15:35:46.662Z
4a9115a3-5b6b-11e7-850b-2d29818a3f51,1-296337ac0a585d60e52e8064d58cbe77,dt1,88888888,HaifaSensorTopic,json,2017-06-27T19:03:22.874Z,6.6,3.4,12,15.64,1.3,275,22.3,64.7,-0.1,,20,17.7,24.9,10.6,44,7.1,1004,0,,,,,7.5,,,,,,,2017-06-27,19:03:22.874Z
4ac49c33-5b80-11e7-bafa-69aa55149b82,1-f7b87226e512cb6103232159c4094087,dt1,77777777,HaifaSensorTopic,json,2017-06-27T21:33:42.643Z,7.7,-1,6.1,11.86,1.2,312,,,0.6,,,,23.3,14,,,,,0,0.9,-0.11,1.6,,,,,,,,2017-06-27,21:33:42.643Z
4c6e8e60-5b4e-11e7-a93b-531f5ab624d9,1-a87ed665f4e717577e8bc56b92a46c5f,dt1,20202020,HaifaSensorTopic,json,2017-06-27T15:35:50.598Z,13,0,12,12.56,4.3,326,27.1,79,1.2,,,,,,,,,,,,,,,,,,,,,2017-06-27,15:35:50.598Z
4cded671-5acc-11e7-bec8-f11298c767ab,1-ef831b3dc1d4370e56263ae08300865f,dt1,40404040,HaifaSensorTopic,json,2017-06-27T00:05:16.759Z,-0.9,0,-1,8.44,0.5,276,25.6,,0.1,,,,21.9,,,,,,,,,,,61,,,,,,2017-06-27,00:05:16.759Z
4d53cf60-5b7c-11e7-850b-2d29818a3f51,1-9c5544df8a6b968a03f668b55042b81d,dt1,10101010,HaifaSensorTopic,json,2017-06-27T21:05:08.950Z,5.2,-0.3,4.7,,1.7,302,20.6,82.8,-0.5,0.3,5,17.3,23.2,11.6,40,5.7,984,0,,,,,39.7,82,,,,,,2017-06-27,21:05:08.950Z
4de25bf5-5b49-11e7-bec8-f11298c767ab,1-40e7e93a31a0eb63a58ac12a237ff62e,dt1,11111111,HaifaSensorTopic,json,2017-06-27T15:00:05.551Z,1.5,-0.1,1.3,17.23,2.2,14,24.9,60.2,2.8,,,,,,,,,,,,,,,,,,,,,2017-06-27,15:00:05.551Z
4e1b6a22-5b45-11e7-a93b-531f5ab624d9,1-8b8e66f81cbb95eae6bac93be1d7c561,dt1,33333333,HaifaSensorTopic,json,2017-06-27T14:31:27.938Z,,,,,,,,,0,,,,,,,,,,,,,,,,,,,,,2017-06-27,14:31:27.938Z
4f2a7710-5b6f-11e7-af6b-2995d6c87ad5,1-9233ea6260aff7de60bd896a6cb1324e,dt1,55555555,HaifaSensorTopic,json,2017-06-27T19:32:08.577Z,16.6,-1.5,14.2,19.64,1.7,309,23.7,61.8,0,,53,,,16.9,,,,,,,,,,,,,,,,2017-06-27,19:32:08.577Z
5068d001-5b5a-11e7-bafa-69aa55149b82,1-2a2ba1f2b3ca386cd485fe31a539ad87,dt1,66666666,HaifaSensorTopic,json,2017-06-27T17:01:51.232Z,3.5,-0.3,2.9,,2.3,0,,,-0.7,,44,20.7,,,,,,,0,-0.5,-0.01,,,,0,,,,,2017-06-27,17:01:51.232Z
5080f040-5b78-11e7-bafa-69aa55149b82,1-33b840f387f5d4581ead4ecaec66ee89,dt1,50505050,HaifaSensorTopic,json,2017-06-27T20:36:36.292Z,8.2,-0.5,7.3,23.78,1.3,40,25.1,61.4,0.3,,17,22,25.2,16.2,30,,,0,0.1,0,-0.24,,,64,1,8,0,7,0.74,2017-06-27,20:36:36.292Z
5111cb50-5b88-11e7-be46-11db47072f45,1-c9682029cf3fc2f938ea491d676349cd,dt1,33333333,HaifaSensorTopic,json,2017-06-27T22:31:09.189Z,,,,,,,,,0,,,,,,,,,,,,,,,,,,,,,2017-06-27,22:31:09.189Z
514ed0f5-5b5f-11e7-be46-11db47072f45,1-ea564ecc43ba4473c3e31b9c87559a78,dt1,60606060,HaifaSensorTopic,json,2017-06-27T17:37:40.223Z,6.8,0.1,6.9,,,,,41,,0.19,,18,,10,,,,,0,0,0,,,,0.1,,,,,2017-06-27,17:37:40.223Z
51a8d6a0-5b45-11e7-ba35-57d3c3dd3fe8,1-2512b16413d399b0f64fcf3593d57ce5,dt1,44444444,HaifaSensorTopic,json,2017-06-27T14:31:33.898Z,6,0,7,26.36,2.3,309,,,,,,,,,,,,,,,,,,,,,,,,2017-06-27,14:31:33.898Z
54cc9c20-5b56-11e7-9fcc-5155edd3565e,1-417af21f5c84799f1f135496a369b4de,dt1,77777777,HaifaSensorTopic,json,2017-06-27T16:33:20.610Z,7.2,0.3,7.7,12.91,1.8,319,,,0.5,,,,24.7,19.4,,,,,-0.2,0,-0.23,0,,,,,,,,2017-06-27,16:33:20.610Z
54da2ac0-5ad4-11e7-be76-c98d129bf71b,1-929bd50129079865424fe2bf1ff21720,dt1,55555555,HaifaSensorTopic,json,2017-06-27T01:02:46.124Z,15.7,-1.2,13.8,16.74,0.6,102,23.6,46.5,0,,53,,,6.9,,,,,,,,,,,,,,,,2017-06-27,01:02:46.124Z
568d4901-5b84-11e7-bafa-69aa55149b82,1-26ae9f18dabf8285b49900017f1922df,dt1,66666666,HaifaSensorTopic,json,2017-06-27T22:02:40.400Z,1.2,-0.3,0.7,,1.6,349,,,-1.1,,44,17.4,,,,,,,0,-0.5,-0.09,,,,0,,,,,2017-06-27,22:02:40.400Z
5697b940-5ad4-11e7-bafa-69aa55149b82,1-7b1db1458edff34f8a85f6fe673e72a3,dt1,66666666,HaifaSensorTopic,json,2017-06-27T01:02:49.044Z,26.5,-0.1,26.3,,1.2,164,,,-0.7,,44,22.8,,,,,,,0.1,-0.4,0.03,,,,2.6,,,,,2017-06-27,01:02:49.044Z
56c0a6f0-5b35-11e7-b699-635e31eb489f,1-86c6ca3414e256edbe86f36ee6b7a90b,dt1,60606060,HaifaSensorTopic,json,2017-06-27T12:37:10.495Z,1,0.1,1.2,,,,,42,,0.18,,23,,13,,,,,0,0,0,,,,0.1,,,,,2017-06-27,12:37:10.495Z
5723cca0-5ad4-11e7-850b-2d29818a3f51,1-cd8e3d13452713ba5c246a06df12b5ab,dt1,77777777,HaifaSensorTopic,json,2017-06-27T01:02:49.962Z,,,,10.98,1.2,110,,,0.8,,,,20.5,16.8,,,,,-0.1,0.3,-0.17,1.1,,,,,,,,2017-06-27,01:02:49.962Z
57d282f8-5b73-11e7-bec8-f11298c767ab,1-6df71c3922dd22b14d2ff35306877ffc,dt1,33333333,HaifaSensorTopic,json,2017-06-27T20:01:01.087Z,,,,,,,,,0,,,,,,,,,,,,,,,,,,,,,2017-06-27,20:01:01.087Z
5a552ca0-5b67-11e7-bafa-69aa55149b82,1-09cd125fe8ad9d49914827dc3ed76a04,dt1,20202020,HaifaSensorTopic,json,2017-06-27T18:35:11.338Z,23,0,22,8.12,2.5,323,27.2,57,0.3,,,,,,,,,,,,,,,,,,,,,2017-06-27,18:35:11.338Z
5a826a10-5b5a-11e7-bafa-69aa55149b82,1-4e82f5d23ca5f4b3071e01fa7254d17d,dt1,77777777,HaifaSensorTopic,json,2017-06-27T17:02:08.177Z,8.4,-0.2,7.9,13.64,1.9,316,,,0.7,,,,24.5,15,,,,,-0.2,0.2,-0.21,0.3,,,,,,,,2017-06-27,17:02:08.177Z
5aa42ea1-5b75-11e7-9fcc-5155edd3565e,1-de89cea911f579b9971df7f0dfad7655,dt1,50505050,HaifaSensorTopic,json,2017-06-27T20:15:24.810Z,10,-0.5,9.2,18.51,1.4,57,25.3,69.1,0.1,,17,24,25.3,16.9,30,,,0,0.1,0,-0.21,,,64,1,8,0,7,0.91,2017-06-27,20:15:24.810Z
5ab02bd0-5b91-11e7-b699-635e31eb489f,1-8505d2d081eb0ee89b743113124bcba0,dt1,50505050,HaifaSensorTopic,json,2017-06-27T23:35:50.797Z,4,-0.6,3,13.59,0.4,266,24.5,,0,,17,20,24.5,15.2,30,,,0,0,0,-0.19,,,64,3.7,4,0,3,,2017-06-27,23:35:50.797Z
5bd14227-5b63-11e7-bad1-1187caee0f54,1-9a5e9aac1e8b5601825348b0e25d321a,dt1,30303030,HaifaSensorTopic,json,2017-06-27T18:06:35.842Z,9.3,-0.2,8.9,15.81,0.6,283,25.8,,,,,,23.3,,,,,,,,,,,60,,,,,,2017-06-27,18:06:35.842Z
5bd54524-5b34-11e7-9fcc-5155edd3565e,1-32b35992276e9f16a8e8263c3bbc8679,dt1,11111111,HaifaSensorTopic,json,2017-06-27T12:30:09.522Z,1,-0.2,0.6,24.35,2,352,25,54.3,3.7,,,,,,,,,,,,,,,,,,,,,2017-06-27,12:30:09.522Z
5f338357-5b8c-11e7-9fcc-5155edd3565e,1-e11b31c84464c24b334f7ef5a1c865ae,dt1,11111111,HaifaSensorTopic,json,2017-06-27T23:00:10.885Z,,,,37.18,0.4,204,23.7,50.4,3,,,,,,,,,,,,,,,,,,,,,2017-06-27,23:00:10.885Z
617c6e40-5b52-11e7-be5b-9b2fbd9b47f7,1-dd255a75471462985b4fe7fda5249d24,dt1,30303030,HaifaSensorTopic,json,2017-06-27T16:05:03.908Z,8.4,0,8.4,11.93,0.7,280,26.6,,0.7,,,,24.9,,,,,,,,,,,59,,,,,,2017-06-27,16:05:03.908Z
61998d01-5b6f-11e7-850b-2d29818a3f51,1-12eb0a5d5df6cb03431def7a90d92119,dt1,66666666,HaifaSensorTopic,json,2017-06-27T19:32:39.504Z,1.5,-1.1,-0.1,,1.4,359,,,-0.7,,44,15,,,,,,,0,-0.5,-0.09,,,,0,,,,,2017-06-27,19:32:39.504Z
623455fb-5b39-11e7-be46-11db47072f45,1-f5ea73d5f18cd5a08f7d6dee26c837a2,dt1,99999999,HaifaSensorTopic,json,2017-06-27T13:06:07.695Z,24.4,4.8,31.9,,,,25.6,72.1,0.4,-0.04,14,36.6,28.5,19.2,2,17.3,1004,0,,,,,,,,,,,,2017-06-27,13:06:07.695Z
62853b71-5b41-11e7-be76-c98d129bf71b,1-7765a37d9a9fe86ce2e0c81ad826180f,dt1,66666666,HaifaSensorTopic,json,2017-06-27T14:03:24.199Z,1.5,-0.1,1.2,,3.4,358,,,-1.2,,44,19.7,,,,,,,0,-0.5,-0.09,,,,0,,,,,2017-06-27,14:03:24.199Z
63169974-5b56-11e7-bec8-f11298c767ab,1-8f63d742326d01189972908bca19248a,dt1,88888888,HaifaSensorTopic,json,2017-06-27T16:33:44.583Z,5.7,3.5,11.1,17.5,2.3,290,22.2,72.8,0.2,,19,28.8,25.5,14.4,44,14.3,1003,0,,,,,6.3,,,,,,,2017-06-27,16:33:44.583Z
635a3ce4-5b7c-11e7-850b-2d29818a3f51,1-fbf3a29068705d55e2733e4d938ce1e2,dt1,20202020,HaifaSensorTopic,json,2017-06-27T21:05:45.902Z,26,0,25,11.22,2.5,338,27.2,55,0.5,,,,,,,,,,,,,,,,,,,,,2017-06-27,21:05:45.902Z
6475e4c0-5b3d-11e7-be76-c98d129bf71b,1-2f861b2044c406620c1364e3efd63e27,dt1,99999999,HaifaSensorTopic,json,2017-06-27T13:34:49.467Z,19.6,4.7,26.8,,,,25.7,72,0,-0.04,14,34.7,27.3,18.9,2,15.8,1004,0,,,,,,,,,,,,2017-06-27,13:34:49.467Z
64bcde50-5b75-11e7-af6b-2995d6c87ad5,1-d331fb88b69dcc83f23c5507580d4e69,dt1,60606060,HaifaSensorTopic,json,2017-06-27T20:15:41.749Z,5.5,0.1,5.6,,,,,41,,0.19,,17,,9,,,,,0,0,0,,,,0.1,,,,,2017-06-27,20:15:41.749Z
65366f61-5b5a-11e7-af6b-2995d6c87ad5,1-bd9b9ab88bed48e34aaa008dba91cb19,dt1,88888888,HaifaSensorTopic,json,2017-06-27T17:02:26.134Z,6.8,3.7,12.6,17.55,2,292,22.2,71.9,0,,19,22.6,25.3,13.2,44,9.4,1003,0,,,,,7.2,,,,,,,2017-06-27,17:02:26.134Z
65ae2b21-5ad0-11e7-be46-11db47072f45,1-6748445ebf2bd6026753d50eec81e33b,dt1,10101010,HaifaSensorTopic,json,2017-06-27T00:34:36.370Z,1.8,0,1.8,,,,25.6,92.4,-1.6,,15,12.6,22.8,8.1,3,4.5,1004,0,,,,,,,,,,,,2017-06-27,00:34:36.370Z
65c25eb3-5b39-11e7-af6b-2995d6c87ad5,1-e3513257f1b2adf976d25ca75d417684,dt1,10101010,HaifaSensorTopic,json,2017-06-27T13:06:13.659Z,15.7,1.4,17.9,,2.5,358,21.1,84.2,0.1,0.29,5,22.1,27.1,12.5,39,9.5,983,0,,,,,742.3,62,,,,,,2017-06-27,13:06:13.659Z
65e29a70-5b45-11e7-b699-635e31eb489f,1-3ce911eda14447311d65ba53159c2562,dt1,55555555,HaifaSensorTopic,json,2017-06-27T14:32:07.831Z,10.3,-1.4,8.1,22.07,2.9,323,23.1,84.3,0.4,,52,,,28,,,,,,,,,,,,,,,,2017-06-27,14:32:07.831Z
66826172-5b88-11e7-be46-11db47072f45,1-8a91ac4b4c84d5fd55fc0ddf5d20a0af,dt1,44444444,HaifaSensorTopic,json,2017-06-27T22:31:45.159Z,,,,47.77,0.4,78,,,,,,,,,,,,,,,,,,,,,,,,2017-06-27,22:31:45.159Z
669aef50-5b84-11e7-ba35-57d3c3dd3fe8,1-f28aa29ce57c87dafff4cb6b40054ad1,dt1,77777777,HaifaSensorTopic,json,2017-06-27T22:03:07.333Z,9.3,-0.8,7.9,31.99,0.1,121,,,0.9,,,,22.7,12.9,,,,,0,0.8,-0.16,1.6,,,,,,,,2017-06-27,22:03:07.333Z
66b8ad51-5b80-11e7-a93b-531f5ab624d9,1-9e886f7501dccb966fbf1870b6be2fb6,dt1,88888888,HaifaSensorTopic,json,2017-06-27T21:34:29.541Z,5.5,3.2,10.4,23.8,0.5,301,22.3,64.6,0,,20,15.6,24.3,9.1,44,6.4,1003,0,,,,,7.7,,,,,,,2017-06-27,21:34:29.541Z
66eb5fa0-5b8c-11e7-9fcc-5155edd3565e,1-3a09932b07852693ed8b3389d827cffb,dt1,33333333,HaifaSensorTopic,json,2017-06-27T23:00:23.834Z,,,,,,,,,0,,,,,,,,,,,,,,,,,,,,,2017-06-27,23:00:23.834Z
67228c51-5b78-11e7-a93b-531f5ab624d9,1-5440142c0bc1ced1eca778ac6f815ae6,dt1,60606060,HaifaSensorTopic,json,2017-06-27T20:37:14.261Z,4.4,0.2,4.7,,,,,42,,0.18,,17,,9,,,,,0,0,0,,,,0.1,,,,,2017-06-27,20:37:14.261Z
67d752d3-5b77-11e7-a93b-531f5ab624d9,1-d7a9fbc7e2acd1494b82110d26bc23d1,dt1,11111111,HaifaSensorTopic,json,2017-06-27T20:30:05.949Z,1.4,-0.2,1.1,23.78,0.7,52,24.2,60.9,3.1,,,,,,,,,,,,,,,,,,,,,2017-06-27,20:30:05.949Z
693c6a7d-5b5e-11e7-ba35-57d3c3dd3fe8,1-9bce184c3d83aedae535d9efea268675,dt1,33333333,HaifaSensorTopic,json,2017-06-27T17:31:10.871Z,,,,,,,,,0,,,,,,,,,,,,,,,,,,,,,2017-06-27,17:31:10.871Z
6a27bf90-5b84-11e7-ba35-57d3c3dd3fe8,1-82703af9013406b48b94c919ca217148,dt1,88888888,HaifaSensorTopic,json,2017-06-27T22:03:13.289Z,4.6,3,9.3,29.78,0,270,22.3,64.5,0.1,,20,11.9,24.1,8.4,44,3.4,1003,0,,,,,8.2,,,,,,,2017-06-27,22:03:13.289Z
6a34f4e6-5b56-11e7-9fcc-5155edd3565e,1-5ff4d12a91974aad3f24c61897f1831c,dt1,99999999,HaifaSensorTopic,json,2017-06-27T16:33:56.526Z,30.1,1.7,32.8,,,,25.7,55.5,0.2,-0.04,14,30.1,24.2,16.1,2,14,1004,0,,,,,,,,,,,,2017-06-27,16:33:56.526Z
6b5afe51-5b56-11e7-ba35-57d3c3dd3fe8,1-db0759931d193adcf80f20f06b59619b,dt1,10101010,HaifaSensorTopic,json,2017-06-27T16:33:58.453Z,16.5,-0.3,16,,1.9,331,21.4,77.2,1.5,0.26,5,23.9,24,10.9,40,12.9,984,0,,,,,40,78,,,,,,2017-06-27,16:33:58.453Z
6be8169a-5b6b-11e7-9fcc-5155edd3565e,1-671a96dd88ab0a339c4780deb2fe91fe,dt1,99999999,HaifaSensorTopic,json,2017-06-27T19:04:18.809Z,23.7,0.1,23.9,,,,25.8,50.3,0.1,-0.03,15,23.6,23.6,13.3,2,10.2,1005,0,,,,,,,,,,,,2017-06-27,19:04:18.809Z
6c69c380-5b88-11e7-bad1-1187caee0f54,1-fe1dce8ef2210b64213ed2ffe8780668,dt1,55555555,HaifaSensorTopic,json,2017-06-27T22:31:55.064Z,,,,15.99,1.1,313,24.1,70.1,0,,53,,,15.3,,,,,,,,,,,,,,,,2017-06-27,22:31:55.064Z
6dc20ce0-5b4e-11e7-be76-c98d129bf71b,1-bebbe4cb47a0c748e5082d6e1f59d5a1,dt1,30303030,HaifaSensorTopic,json,2017-06-27T15:36:46.510Z,6.9,0.4,7.5,16.56,0.8,279,27,,0.8,,,,25.9,,,,,,,,,,,60,,,,,,2017-06-27,15:36:46.510Z
6f44d951-5b6f-11e7-b699-635e31eb489f,1-685aae542faa20116a0742c7f0e03be0,dt1,77777777,HaifaSensorTopic,json,2017-06-27T19:33:02.437Z,9,-0.7,7.9,12.73,1.4,317,,,0.1,,,,23.6,13.3,,,,,-0.2,0,-0.24,0.6,,,,,,,,2017-06-27,19:33:02.437Z
7001bdc1-5acc-11e7-be46-11db47072f45,1-d56e0b412e948ec1b2862867ff0ba10e,dt1,60606060,HaifaSensorTopic,json,2017-06-27T00:06:15.708Z,15.8,-0.4,15.2,52.99,0.7,227,23,,1.7,,17,21.1,23.1,,,,,0,0.1,0.1,-0.17,,,63,4.1,,,,,2017-06-27,00:06:15.708Z
70b36501-5b91-11e7-be46-11db47072f45,1-fefa27e5bdc209a3aea71788bccbbc96,dt1,60606060,HaifaSensorTopic,json,2017-06-27T23:36:27.728Z,8.5,-0.1,8.3,,,,,,,0.26,,38,,28,,,,,0.2,0.1,0.1,,,,0.5,,,,,2017-06-27,23:36:27.728Z
713cae80-5b6b-11e7-850b-2d29818a3f51,1-fd614a1585c84581bb8f02d6b5ed5d63,dt1,10101010,HaifaSensorTopic,json,2017-06-27T19:04:27.752Z,20.7,0,20.7,,1.3,320,20.9,67.1,1.4,0.38,5,38,23.5,20.8,40,17.1,984,0,,,,,39.7,82,,,,,,2017-06-27,19:04:27.752Z
714a2890-5b56-11e7-b699-635e31eb489f,1-b3f93b305b23c3567535000b5bbc8ef1,dt1,20202020,HaifaSensorTopic,json,2017-06-27T16:34:08.409Z,12,0,11,9.35,4.1,328,27,78,0.6,,,,,,,,,,,,,,,,,,,,,2017-06-27,16:34:08.409Z
72bf059b-5b67-11e7-a93b-531f5ab624d9,1-c2d7abee1ee2ae28c3b1eb78aa3b26c3,dt1,30303030,HaifaSensorTopic,json,2017-06-27T18:35:52.297Z,8.3,-0.2,8,21.55,0.5,286,25.8,,0,,,,23.4,,,,,,,,,,,56,,,,,,2017-06-27,18:35:52.297Z
72f2e3d0-5b88-11e7-af6b-2995d6c87ad5,1-93a9d77612401f2ebc7159e10233d7fb,dt1,66666666,HaifaSensorTopic,json,2017-06-27T22:32:06.029Z,,,,,1.1,350,,,-0.6,,44,21.1,,,,,,,0,-0.5,-0.09,,,,0,,,,,2017-06-27,22:32:06.029Z
732f6fe3-5b41-11e7-bafa-69aa55149b82,1-b4f76ac4cf4a7aca55600d468834e0b3,dt1,77777777,HaifaSensorTopic,json,2017-06-27T14:03:52.158Z,6.7,0.5,7.5,13.16,3.5,308,,,0.8,,,,26.7,12.3,,,,,-0.2,0,-0.27,0.7,,,,,,,,2017-06-27,14:03:52.158Z
736a4011-5b6f-11e7-bafa-69aa55149b82,1-3daeaa1c046212be37573ba2bb0cd1f2,dt1,88888888,HaifaSensorTopic,json,2017-06-27T19:33:09.393Z,7.4,3.3,12.6,16.55,0.9,294,22.3,63,0,,20,17.2,24.8,9.8,44,7.4,1004,0,,,,,7.5,,,,,,,2017-06-27,19:33:09.393Z
73704310-5b39-11e7-bec8-f11298c767ab,1-d11c6465347d6d7cd98d262e8b8e99f2,dt1,20202020,HaifaSensorTopic,json,2017-06-27T13:06:36.609Z,20,1,22,15.44,5.1,337,26.9,98,1.7,,,,,,,,,,,,,,,,,,,,,2017-06-27,13:06:36.609Z
74bd6612-5b45-11e7-9fcc-5155edd3565e,1-6580888560a7499b41ab46c209978223,dt1,66666666,HaifaSensorTopic,json,2017-06-27T14:32:32.753Z,1.7,-0.4,1.1,,2.8,357,,,-1.3,,44,19.2,,,,,,,0,-0.5,-0.09,,,,0,,,,,2017-06-27,14:32:32.753Z
75244c61-5ad0-11e7-850b-2d29818a3f51,1-489b39c2050d8173b30e9cea9a472409,dt1,20202020,HaifaSensorTopic,json,2017-06-27T00:35:02.310Z,,,,,2.1,242,21,76.4,-0.1,0.26,5,,22.4,5.5,41,-28,983,0,,,,,39.5,74,,,,,,2017-06-27,00:35:02.310Z
757b31a0-5b62-11e7-be5b-9b2fbd9b47f7,1-b60b8e53f0756030bd8b226b4a8a2907,dt1,11111111,HaifaSensorTopic,json,2017-06-27T18:00:09.402Z,2.8,0,2.9,24.04,0.8,47,24.3,54.7,3,,,,,,,,,,,,,,,,,,,,,2017-06-27,18:00:09.402Z
76e3b294-5b73-11e7-b699-635e31eb489f,1-a9d8024f1d2273cad6d0f7649fe93d48,dt1,44444444,HaifaSensorTopic,json,2017-06-27T20:01:53.209Z,5,0,4,28.27,0.9,319,,,,,,,,,,,,,,,,,,,,,,,,2017-06-27,20:01:53.209Z
784d0070-5acc-11e7-bafa-69aa55149b82,1-c204631434adc21246a5601a69544202,dt1,70707070,HaifaSensorTopic,json,2017-06-27T00:06:29.623Z,4.7,-0.7,3.6,20.12,0.5,241,24.5,,0.2,,,19,,15.1,30,,,,,,,,,,,5,0,4,0.12,2017-06-27,00:06:29.623Z
79c1b950-5b80-11e7-a93b-531f5ab624d9,1-562d4482ef0b92d70996c1491a072ac2,dt1,99999999,HaifaSensorTopic,json,2017-06-27T21:35:01.477Z,2.2,-0.4,1.5,,,,25.5,86,,0,15,17.3,23.2,10.6,2,6.6,1004,0,,,,,,,,,,,,2017-06-27,21:35:01.477Z
7a3ffd31-5ad4-11e7-ba35-57d3c3dd3fe8,1-b67ddcd3004fb359922b6f2e9bf994a4,dt1,99999999,HaifaSensorTopic,json,2017-06-27T01:03:48.867Z,6.8,2.6,10.9,17.71,0.5,114,22.3,44.4,-0.1,,20,18,22.9,11.9,45,6.1,1002,0,,,,,10,,,,,,,2017-06-27,01:03:48.867Z
7a81a662-5b5e-11e7-ba35-57d3c3dd3fe8,1-3c26ec139c17f606517599ef7c788a32,dt1,44444444,HaifaSensorTopic,json,2017-06-27T17:31:39.846Z,8,0,8,25.95,1.3,315,,,,,,,,,,,,,,,,,,,,,,,,2017-06-27,17:31:39.846Z
7a8f2501-5b8c-11e7-b699-635e31eb489f,1-3e6d22d0b98bc500de04a5e747e4b372,dt1,44444444,HaifaSensorTopic,json,2017-06-27T23:00:56.784Z,21,0,22,54.9,0.2,114,,,,,,,,,,,,,,,,,,,,,,,,2017-06-27,23:00:56.784Z
7ad6bd50-5b34-11e7-ba35-57d3c3dd3fe8,1-18c88138f9863523b02bf06a7b9882a8,dt1,33333333,HaifaSensorTopic,json,2017-06-27T12:31:01.541Z,,,,,,,,,0,,,,,,,,,,,,,,,,,,,,,2017-06-27,12:31:01.541Z
7bdef5d5-5b45-11e7-b699-635e31eb489f,1-8995ef1f7ac51e49d598bae0ca35c9c1,dt1,77777777,HaifaSensorTopic,json,2017-06-27T14:32:44.717Z,7.7,0,7.6,18.2,3,320,,,0.2,,,,26.5,13.9,,,,,-0.3,0,-0.3,0.3,,,,,,,,2017-06-27,14:32:44.717Z
7c00fe21-5b84-11e7-be5b-9b2fbd9b47f7,1-ff8ecea9b2db21d9016055831dc2f590,dt1,99999999,HaifaSensorTopic,json,2017-06-27T22:03:43.234Z,2.3,-0.4,1.5,,,,25.7,89.1,,-0.04,15,14.6,23.3,9.2,2,5.3,1005,0,,,,,,,,,,,,2017-06-27,22:03:43.234Z
7c474e30-5b3d-11e7-bafa-69aa55149b82,1-ecc490d119167cb473dae3fc324ada75,dt1,10101010,HaifaSensorTopic,json,2017-06-27T13:35:29.427Z,11,0.8,12.2,,2.5,348,21.2,82.2,0,0.29,5,39.2,26.5,14.8,39,24.4,983,0,,,,,615.4,67,,,,,,2017-06-27,13:35:29.427Z
7c9a67f0-5ad4-11e7-be46-11db47072f45,1-1f203fd772a81873b69fdf05842c656e,dt1,10101010,HaifaSensorTopic,json,2017-06-27T01:03:52.815Z,7.8,0.1,8,,,,25.7,,-1.4,0.03,15,15.4,22.5,9.6,3,5.8,1004,0,,,,,,,,,,,,2017-06-27,01:03:52.815Z
7d036c10-5b5a-11e7-850b-2d29818a3f51,1-19ea673badeab7f30b6327287c111bee,dt1,99999999,HaifaSensorTopic,json,2017-06-27T17:03:06.065Z,25.4,3,30.1,,,,25.6,61.5,0.3,-0.04,14,29.6,24,16.3,2,13.2,1005,0,,,,,,,,,,,,2017-06-27,17:03:06.065Z
7e382812-5b45-11e7-a93b-531f5ab624d9,1-a70cfe52653d5ceb7973c75c3e7063db,dt1,88888888,HaifaSensorTopic,json,2017-06-27T14:32:48.657Z,4.5,3.8,10.5,22,2.7,293,22,68,-0.1,,19,12.8,27.4,11.2,44,1.6,1002,0,,,,,64,,,,,,,2017-06-27,14:32:48.657Z
7e535bf2-5b6b-11e7-bec8-f11298c767ab,1-2a8ad9d6a01dc6e273b7bf69104da666,dt1,20202020,HaifaSensorTopic,json,2017-06-27T19:04:49.711Z,20,0,19,10.36,2.6,328,27.3,58,0.4,,,,,,,,,,,,,,,,,,,,,2017-06-27,19:04:49.711Z
7ebbd200-5b7c-11e7-be76-c98d129bf71b,1-39911010badbc3c4e34f6d85dea54eea,dt1,30303030,HaifaSensorTopic,json,2017-06-27T21:06:31.840Z,1.9,-0.1,1.7,18.14,0.7,283,25.7,,0,,,,22.9,,,,,,,,,,,54,,,,,,2017-06-27,21:06:31.840Z
7f6d0320-5b88-11e7-be76-c98d129bf71b,1-b5e3dc5cf34163909e18b42f7a3f2008,dt1,77777777,HaifaSensorTopic,json,2017-06-27T22:32:26.962Z,10.9,-0.1,10.7,19.43,0.3,115,,,,,,,21.9,17.1,,,,,0,1.1,-0.11,1.6,,,,,,,,2017-06-27,22:32:26.962Z
81048821-5b3d-11e7-bec8-f11298c767ab,1-612dd1df4b1ac3a2be42d3db76d95df2,dt1,20202020,HaifaSensorTopic,json,2017-06-27T13:35:37.378Z,14,0,16,17.87,5.4,351,26.8,94,1.4,,,,,,,,,,,,,,,,,,,,,2017-06-27,13:35:37.378Z
820c8f01-5b4d-11e7-be76-c98d129bf71b,1-523de736370381ce679ebfcba858818d,dt1,11111111,HaifaSensorTopic,json,2017-06-27T15:30:11.056Z,2.6,0,2.5,23.14,1.5,31,24.7,59.8,3.3,,,,,,,,,,,,,,,,,,,,,2017-06-27,15:30:11.056Z
8212a150-5b80-11e7-be76-c98d129bf71b,1-5097633ce3e1f846eaf5d7d150e32c11,dt1,10101010,HaifaSensorTopic,json,2017-06-27T21:35:15.429Z,6.1,-0.2,5.7,,2,276,20.7,80,,0.31,5,14.7,23,9.7,40,4.9,984,0,,,,,39.8,84,,,,,,2017-06-27,21:35:15.429Z
82d718b0-5b52-11e7-be46-11db47072f45,1-11fb2db168045d4eadda24a9b9f8eb84,dt1,50505050,HaifaSensorTopic,json,2017-06-27T16:05:59.867Z,9.1,-0.7,7.9,17.88,1.1,49,26.9,86.1,0.1,,17,28,25.8,21.7,30,,,0,0,0,-0.28,,,64,0.3,15,0,16,0.26,2017-06-27,16:05:59.867Z
833ec3e2-5b41-11e7-850b-2d29818a3f51,1-73b9e87dae83d4f5919500b1f0751512,dt1,88888888,HaifaSensorTopic,json,2017-06-27T14:04:19.102Z,4.8,4.1,11.3,21.35,2.5,298,22,68.4,0,,19,30.6,27.7,15.6,44,15,1002,0,,,,,106,,,,,,,2017-06-27,14:04:19.102Z
837a5767-5b6f-11e7-bad1-1187caee0f54,1-4f23421225a4eb63178f2b9f37a2114c,dt1,99999999,HaifaSensorTopic,json,2017-06-27T19:33:36.342Z,14.6,0.1,14.8,,,,25.7,60.2,0,0,15,22,23.4,12.7,2,9.2,1005,0,,,,,,,,,,,,2017-06-27,19:33:36.342Z
842c38e0-5b88-11e7-af6b-2995d6c87ad5,1-f823e781ee027adc8d9a90483dc143f2,dt1,88888888,HaifaSensorTopic,json,2017-06-27T22:32:34.926Z,7.3,3,11.9,25.41,0.5,349,22.7,58.9,,,20,18.3,24,9.3,44,9,1003,0,,,,,8.4,,,,,,,2017-06-27,22:32:34.926Z
84c8a662-5acc-11e7-b699-635e31eb489f,1-9cf4f2ab7e64bd5504edc3ea1514be62,dt1,80808080,HaifaSensorTopic,json,2017-06-27T00:06:50.566Z,9.3,-0.1,9.2,,,,,15,,0.25,,16,,6,,,,,0.4,0,0,,,,0.1,,,,,2017-06-27,00:06:50.566Z
852b2760-5b3d-11e7-be5b-9b2fbd9b47f7,1-36bb36f91b1fc8f63f493934e306eb71,dt1,30303030,HaifaSensorTopic,json,2017-06-27T13:35:44.342Z,3.8,0.5,4.8,5.49,1.3,271,27.9,,0.8,,,,28.9,,,,,,,,,,,43,,,,,,2017-06-27,13:35:44.342Z
87a99e71-5b49-11e7-9fcc-5155edd3565e,1-f6106445b1f804142918b431a86f6ed5,dt1,33333333,HaifaSensorTopic,json,2017-06-27T15:01:42.487Z,,,,,,,,,0,,,,,,,,,,,,,,,,,,,,,2017-06-27,15:01:42.487Z
88830fb2-5b63-11e7-be46-11db47072f45,1-341b5fdfea49f3cd9edfb01cbff4f5f7,dt1,50505050,HaifaSensorTopic,json,2017-06-27T18:07:50.827Z,6.3,-0.8,5.1,17.51,1.3,58,26.3,72.1,0.1,,17,27,25.6,19.9,30,,,0,0,0,-0.2,,,64,0.5,6,0,5,0.6,2017-06-27,18:07:50.827Z
88e3bc67-5b5a-11e7-850b-2d29818a3f51,1-a79fd00dd6da1c321a46fdb2c0c7df89,dt1,10101010,HaifaSensorTopic,json,2017-06-27T17:03:25.990Z,9.3,-0.3,8.9,,1.7,323,21.3,83.7,0,0.27,5,23.4,23.9,11.7,40,11.7,984,0,,,,,39.7,80,,,,,,2017-06-27,17:03:25.990Z
89aff3f1-5b84-11e7-be76-c98d129bf71b,1-8013bff10970d33d1ac6a690c7a07b67,dt1,10101010,HaifaSensorTopic,json,2017-06-27T22:04:06.191Z,5.3,-0.3,4.8,,1.7,269,20.9,77.9,,0.31,5,15.2,22.9,7.9,40,7.2,984,0,,,,,39.8,84,,,,,,2017-06-27,22:04:06.191Z
8c54baf1-5ad0-11e7-9fcc-5155edd3565e,1-df533ccb7fd95596712f80a86208999a,dt1,30303030,HaifaSensorTopic,json,2017-06-27T00:35:41.215Z,8,0,7,4.06,1.3,127,27.2,63,-0.3,,,,,,,,,,,,,,,,,,,,,2017-06-27,00:35:41.215Z
8ccaf920-5b90-11e7-850b-2d29818a3f51,1-932fd938d346778bd20319149c486dde,dt1,11111111,HaifaSensorTopic,json,2017-06-27T23:30:05.362Z,4.2,0.8,5.5,24.96,0.7,187,23.6,,2.5,,,,,,,,,,,,,,,,,,,,,2017-06-27,23:30:05.362Z
8cddc5d1-5b38-11e7-b699-635e31eb489f,1-17371660e495f09da3d2d8cf49be5e2e,dt1,11111111,HaifaSensorTopic,json,2017-06-27T13:00:09.773Z,1.2,-0.1,0.9,19.89,2.2,349,25,53.8,3.1,,,,,,,,,,,,,,,,,,,,,2017-06-27,13:00:09.773Z
8d987a90-5b49-11e7-ba35-57d3c3dd3fe8,1-6bbf4b35f13e2cc59ab189dad07ad1a3,dt1,44444444,HaifaSensorTopic,json,2017-06-27T15:01:52.441Z,4,0,4,23.6,2.4,316,,,,,,,,,,,,,,,,,,,,,,,,2017-06-27,15:01:52.441Z
8ddaeee0-5b56-11e7-b699-635e31eb489f,1-1c0e815e593be79533006fb582b75547,dt1,30303030,HaifaSensorTopic,json,2017-06-27T16:34:56.334Z,11.6,-0.1,11.4,17,0.7,282,26.3,,0.7,,,,24.4,,,,,,,,,,,56,,,,,,2017-06-27,16:34:56.334Z
8e43d723-5b88-11e7-bafa-69aa55149b82,1-cedf646123247eeb0fb4e0c40d791ff1,dt1,99999999,HaifaSensorTopic,json,2017-06-27T22:32:51.858Z,2,-0.4,1.3,,,,25.6,93.7,-1.3,-0.04,15,6.9,23.3,4,3,2.8,1004,0,,,,,,,,,,,,2017-06-27,22:32:51.858Z
913a25a0-5b39-11e7-9fcc-5155edd3565e,1-6e2a9a1073670db513eea202083f098f,dt1,30303030,HaifaSensorTopic,json,2017-06-27T13:07:26.586Z,3.2,0.9,4.7,9.11,1.4,271,28.1,,0.4,,,,29.5,,,,,,,,,,,44,,,,,,2017-06-27,13:07:26.586Z
92e36901-5b5e-11e7-bafa-69aa55149b82,1-0c6bae35e71b9c3443dcd175b8aab0f1,dt1,55555555,HaifaSensorTopic,json,2017-06-27T17:32:20.752Z,5.8,-1.7,3.2,21.83,1.8,316,23.5,80.4,0.2,,53,,,19.6,,,,,,,,,,,,,,,,2017-06-27,17:32:20.752Z
92e645a0-5b52-11e7-b699-635e31eb489f,1-aa07f5f5194dfdeea30bfb8fb3aac7c5,dt1,60606060,HaifaSensorTopic,json,2017-06-27T16:06:26.810Z,3.8,0,3.8,,,,,46,,0.2,,20,,11,,,,,0,0,0,,,,0.1,,,,,2017-06-27,16:06:26.810Z
93f0eb32-5acb-11e7-bec8-f11298c767ab,1-c49d736a2f3f00df8dd7dcae382ee1fa,dt1,11111111,HaifaSensorTopic,json,2017-06-27T00:00:06.499Z,3.2,0.3,3.7,13.12,0.9,182,23.9,43.8,2,,,,,,,,,,,,,,,,,,,,,2017-06-27,00:00:06.499Z
940bafd0-5b73-11e7-bec8-f11298c767ab,1-35ea66ef281849dc182b072d260fc685,dt1,55555555,HaifaSensorTopic,json,2017-06-27T20:02:42.125Z,12.4,-1.9,9.4,19.5,1.7,313,23.6,70.4,0,,53,,,12.8,,,,,,,,,,,,,,,,2017-06-27,20:02:42.125Z
94b92ab1-5b6f-11e7-af6b-2995d6c87ad5,1-896b6d863a0b8a1ba7f2439415c08751,dt1,10101010,HaifaSensorTopic,json,2017-06-27T19:34:05.275Z,19,-0.1,18.7,,1.1,316,20.8,69.9,0.2,0.44,5,26.3,23.5,20.6,40,5.7,984,0,,,,,39.7,82,,,,,,2017-06-27,19:34:05.275Z
94c99c11-5b88-11e7-a93b-531f5ab624d9,1-ae7ef0a33951b12a45680c66f69ca58e,dt1,10101010,HaifaSensorTopic,json,2017-06-27T22:33:02.801Z,4.3,-0.2,3.8,,1.8,279,20.9,81.7,-0.3,,5,5.6,22.9,6.7,40,-1,983,0,,,,,39.8,82,,,,,,2017-06-27,22:33:02.801Z
97cf74f0-5b7b-11e7-be76-c98d129bf71b,1-8ac93d3390d37d3253217861448d11f4,dt1,11111111,HaifaSensorTopic,json,2017-06-27T21:00:04.415Z,1.5,-0.2,1.2,27.71,0.7,46,24.2,61.3,1.2,,,,,,,,,,,,,,,,,,,,,2017-06-27,21:00:04.415Z
984b6e71-5b49-11e7-be46-11db47072f45,1-4b039b82dd051a0c1cd73e86813d39cf,dt1,55555555,HaifaSensorTopic,json,2017-06-27T15:02:10.391Z,10.3,-1.4,8.1,23.46,2.4,318,23.1,78.2,0.2,,52,,,19.3,,,,,,,,,,,,,,,,2017-06-27,15:02:10.391Z
996d2590-5b5e-11e7-a93b-531f5ab624d9,1-b54ee3067825c12e6d37f414148b9782,dt1,66666666,HaifaSensorTopic,json,2017-06-27T17:32:31.721Z,4.6,0.1,4.8,,1.9,5,,,-0.8,,44,20.1,,,,,,,0,-0.5,-0.07,,,,0,,,,,2017-06-27,17:32:31.721Z
99c1c8f0-5ad4-11e7-bad1-1187caee0f54,1-bb18061b85122e90fe5226b7fcff3f51,dt1,20202020,HaifaSensorTopic,json,2017-06-27T01:04:41.727Z,6.9,-0.2,6.6,,2,248,21.2,78,-0.2,0.26,5,,22.4,7.7,40,-19.6,983,0,,,,,39.7,75,,,,,,2017-06-27,01:04:41.727Z
9a676741-5b62-11e7-bad1-1187caee0f54,1-b1afbeaf09fd4b042a64a94f9acba541,dt1,33333333,HaifaSensorTopic,json,2017-06-27T18:01:11.348Z,,,,,,,,,0,,,,,,,,,,,,,,,,,,,,,2017-06-27,18:01:11.348Z
9ab8dc40-5b5a-11e7-bec8-f11298c767ab,1-e83bcb06553615470160f2c333fcf50c,dt1,20202020,HaifaSensorTopic,json,2017-06-27T17:03:55.908Z,18,0,17,8.19,4.6,328,27.2,77,0.7,,,,,,,,,,,,,,,,,,,,,2017-06-27,17:03:55.908Z
9b114031-5b80-11e7-be46-11db47072f45,1-9a7840173ec7f600ac9f3a3009a9f266,dt1,20202020,HaifaSensorTopic,json,2017-06-27T21:35:57.363Z,22,0,21,12.37,2,333,27.3,61,0.5,,,,,,,,,,,,,,,,,,,,,2017-06-27,21:35:57.363Z
9b4e76a0-5b88-11e7-af6b-2995d6c87ad5,1-c5f9c680652206a845adc7911e92f7c0,dt1,20202020,HaifaSensorTopic,json,2017-06-27T22:33:13.738Z,,,,25.97,1.5,337,27.1,77,,,,,,,,,,,,,,,,,,,,,,2017-06-27,22:33:13.738Z
9bc32380-5b5e-11e7-be5b-9b2fbd9b47f7,1-b15e894d8852d71806917ca6e9aa481d,dt1,77777777,HaifaSensorTopic,json,2017-06-27T17:32:35.640Z,7.1,-0.1,6.9,14.13,2.2,320,,,0.2,,,,24.5,12,,,,,-0.2,0.2,-0.21,0.4,,,,,,,,2017-06-27,17:32:35.640Z
9c38bbf1-5b4e-11e7-bec8-f11298c767ab,1-dd67bc96f95c658abd6044c5364b0a26,dt1,50505050,HaifaSensorTopic,json,2017-06-27T15:38:04.463Z,12,0.7,13.1,32.12,0.9,36,27,84.6,0.1,,17,30,26.1,22.1,30,,,0,0.1,0,-0.28,,,63,0.3,30,14,53,0.33,2017-06-27,15:38:04.463Z
9caad880-5b6b-11e7-bec8-f11298c767ab,1-76b3c8690a254efa07b57358968eb0d1,dt1,30303030,HaifaSensorTopic,json,2017-06-27T19:05:40.616Z,,,,12.34,0.6,278,25.8,,-0.2,,,,23.4,,,,,,,,,,,55,,,,,,2017-06-27,19:05:40.616Z
9d64deb1-5b34-11e7-bad1-1187caee0f54,1-21e943f558cf725db52f289bb986868f,dt1,44444444,HaifaSensorTopic,json,2017-06-27T12:31:59.515Z,6,1,8,23.73,3.1,299,,,,,,,,,,,,,,,,,,,,,,,,2017-06-27,12:31:59.515Z
9db01080-5b8c-11e7-bad1-1187caee0f54,1-c7dd900fe872ddad6a601e575467263c,dt1,55555555,HaifaSensorTopic,json,2017-06-27T23:01:55.720Z,9.5,-1.5,7.2,14.81,0.8,317,24,71.3,0,,53,,,16.1,,,,,,,,,,,,,,,,2017-06-27,23:01:55.720Z
9dfd4e23-5b34-11e7-af6b-2995d6c87ad5,1-7df02ee190f461dc5a53b887ff6df40a,dt1,55555555,HaifaSensorTopic,json,2017-06-27T12:32:00.514Z,10,-1.2,8.1,25.32,2.5,323,23.2,103,1.5,,52,,,19.6,,,,,,,,,,,,,,,,2017-06-27,12:32:00.514Z
9dfeaee0-5b4e-11e7-be76-c98d129bf71b,1-3f8946078855a1d9e2b1520eeea4c416,dt1,60606060,HaifaSensorTopic,json,2017-06-27T15:38:07.438Z,4.6,0.4,5,,,,,44,,0.2,,15,,10,,,,,0,0,0,,,,0.1,,,,,2017-06-27,15:38:07.438Z
9f8c69e1-5b45-11e7-a93b-531f5ab624d9,1-00413ae04e2a9db59cf0754f3fbdde04,dt1,99999999,HaifaSensorTopic,json,2017-06-27T14:33:44.574Z,16.6,2.3,20.1,,,,25.6,72.3,0.3,-0.04,14,30.3,26,17,2,13.3,1004,0,,,,,,,,,,,,2017-06-27,14:33:44.574Z
a1bd88e1-5ad0-11e7-be46-11db47072f45,1-128b0c069345a03629117b3f320dd324,dt1,40404040,HaifaSensorTopic,json,2017-06-27T00:36:17.134Z,-0.1,-0.2,-0.5,4.13,0.6,275,25.6,,0,,,,21.7,,,,,,,,,,,62,,,,,,2017-06-27,00:36:17.134Z
a2684133-5b67-11e7-bec8-f11298c767ab,1-4f58affb81a5c30b18cdf5833fc21e30,dt1,50505050,HaifaSensorTopic,json,2017-06-27T18:37:12.259Z,11.7,-0.5,10.8,16.67,1,54,26,77.3,0.1,,17,24,25.5,19.4,30,,,0,0,0,-0.24,,,64,0.7,9,0,8,0.68,2017-06-27,18:37:12.259Z
a26e5120-5b66-11e7-be76-c98d129bf71b,1-e33dd919bede864ef4051372efef94de,dt1,11111111,HaifaSensorTopic,json,2017-06-27T18:30:02.802Z,1.7,-0.1,1.4,23.56,0.8,55,24.3,58.3,2.8,,,,,,,,,,,,,,,,,,,,,2017-06-27,18:30:02.802Z
a26e82f0-5b8c-11e7-b699-635e31eb489f,1-bcd7175eef1249236992a7b47c1cd847,dt1,66666666,HaifaSensorTopic,json,2017-06-27T23:02:03.679Z,1.9,-0.2,1.5,,1.2,353,,,-0.7,,44,19,,,,,,,0,-0.5,-0.09,,,,0,,,,,2017-06-27,23:02:03.679Z
a2cc0156-5b41-11e7-b699-635e31eb489f,1-bb4adc490dc710ef181498d4485c1ffb,dt1,99999999,HaifaSensorTopic,json,2017-06-27T14:05:12.037Z,19.2,4.2,25.7,,,,25.8,75.1,0.2,-0.04,14,30.2,26.6,16.3,2,13.8,1004,0,,,,,,,,,,,,2017-06-27,14:05:12.037Z
a36164e0-5b80-11e7-b699-635e31eb489f,1-7fa09cb9f510c6d49b89d7bcbed6ba92,dt1,30303030,HaifaSensorTopic,json,2017-06-27T21:36:11.310Z,0.6,-0.1,0.3,14.57,0.6,281,25.7,,0,,,,22.6,,,,,,,,,,,56,,,,,,2017-06-27,21:36:11.310Z
a42d6c71-5b49-11e7-b699-635e31eb489f,1-6597c94947d36d36bf993e6b39049a25,dt1,66666666,HaifaSensorTopic,json,2017-06-27T15:02:30.327Z,2.9,0.1,3.1,,2.5,2,,,-1.2,,44,23.7,,,,,,,0,-0.5,-0.07,,,,0,,,,,2017-06-27,15:02:30.327Z
a52bc6e0-5acb-11e7-bafa-69aa55149b82,1-01c9105dd11711920cbc463af25bae44,dt1,33333333,HaifaSensorTopic,json,2017-06-27T00:00:35.406Z,,,,,,,,,0,,,,,,,,,,,,,,,,,,,,,2017-06-27,00:00:35.406Z
a60be840-5b7c-11e7-bec8-f11298c767ab,1-da75b913cd2bc174af4db6c84688cc0a,dt1,50505050,HaifaSensorTopic,json,2017-06-27T21:07:37.796Z,12.2,-0.4,11.5,22.28,1,20,24.9,64.5,0.1,,17,27,25.1,17.5,30,,,0,0.1,0.1,-0.18,,,64,1.5,10,0,9,0.69,2017-06-27,21:07:37.796Z
a7812891-5acb-11e7-ba35-57d3c3dd3fe8,1-5abdd37d93ad8d55b49f9a52d9bc54f4,dt1,44444444,HaifaSensorTopic,json,2017-06-27T00:00:39.321Z,34,1,36,17.44,0.5,110,,,,,,,,,,,,,,,,,,,,,,,,2017-06-27,00:00:39.321Z
a794c470-5b77-11e7-be46-11db47072f45,1-bc178a78c5678e2e63c739fd55450648,dt1,33333333,HaifaSensorTopic,json,2017-06-27T20:31:52.887Z,,,,,,,,,0,,,,,,,,,,,,,,,,,,,,,2017-06-27,20:31:52.887Z
aab41bc0-5b49-11e7-b699-635e31eb489f,1-bcc267017b4012ecce6f6b8fae2cc4f3,dt1,77777777,HaifaSensorTopic,json,2017-06-27T15:02:41.276Z,4.6,0,4.5,16.72,3,318,,,0.4,,,,26.1,13.5,,,,,-0.2,0,-0.3,0.2,,,,,,,,2017-06-27,15:02:41.276Z
aad50480-5b39-11e7-850b-2d29818a3f51,1-af5ecd482e7b0b7b04bd53fcea7783a8,dt1,50505050,HaifaSensorTopic,json,2017-06-27T13:08:09.544Z,15.4,5.9,24.5,23.46,1.8,304,26.5,79,0,,17,26,27.3,19.6,30,,,0,0,0,-0.27,,,58,1.3,39,14,61,0.51,2017-06-27,13:08:09.544Z
ab02af20-5b84-11e7-bafa-69aa55149b82,1-9cb16477d4b7ef223d35721d51a249ad,dt1,20202020,HaifaSensorTopic,json,2017-06-27T22:05:02.098Z,,,,17.12,1.5,344,27.2,76,0.3,,,,,,,,,,,,,,,,,,,,,2017-06-27,22:05:02.098Z
ab9e2ed1-5b63-11e7-b699-635e31eb489f,1-f1698ebdeb3a9acbdbbe39d7069d0ad4,dt1,60606060,HaifaSensorTopic,json,2017-06-27T18:08:49.725Z,7.2,0,7.1,,,,,39,,0.21,,20,,12,,,,,0,0,0,,,,0.1,,,,,2017-06-27,18:08:49.725Z
ac56ab60-5b4d-11e7-a93b-531f5ab624d9,1-2f2628839220e91e41f96aed12338d4c,dt1,33333333,HaifaSensorTopic,json,2017-06-27T15:31:22.006Z,,,,,,,,,0,,,,,,,,,,,,,,,,,,,,,2017-06-27,15:31:22.006Z
ac73cd21-5b49-11e7-af6b-2995d6c87ad5,1-bea003ee0adc74134c4ea7bfcaa6d077,dt1,88888888,HaifaSensorTopic,json,2017-06-27T15:02:44.210Z,3.1,3.4,8.5,19.26,3,298,22.1,71,-0.1,,19,24.8,26.7,13.7,44,11,1002,0,,,,,31.9,,,,,,,2017-06-27,15:02:44.210Z
add4c310-5b51-11e7-bec8-f11298c767ab,1-69e1f5174353ddce6ebddf634e8e7aab,dt1,11111111,HaifaSensorTopic,json,2017-06-27T16:00:02.497Z,2.3,0,2.2,22.9,1.2,34,24.6,61.5,3.1,,,,,,,,,,,,,,,,,,,,,2017-06-27,16:00:02.497Z
aee96bc0-5b6f-11e7-bec8-f11298c767ab,1-2cbe2626c93840b63a05e895aabf5cc4,dt1,20202020,HaifaSensorTopic,json,2017-06-27T19:34:49.212Z,21,0,20,12.65,2.5,332,27.3,56,0.5,,,,,,,,,,,,,,,,,,,,,2017-06-27,19:34:49.212Z
b07ae790-5b77-11e7-bad1-1187caee0f54,1-a6d6a347bd5ac3f3536c10d8a1a8a9b9,dt1,44444444,HaifaSensorTopic,json,2017-06-27T20:32:07.817Z,4,0,3,24.84,1.1,306,,,,,,,,,,,,,,,,,,,,,,,,2017-06-27,20:32:07.817Z
b0d2f5d0-5b7b-11e7-be76-c98d129bf71b,1-59a94a597b34083aca2f88080f22a25b,dt1,33333333,HaifaSensorTopic,json,2017-06-27T21:00:46.381Z,,,,,,,,,0,,,,,,,,,,,,,,,,,,,,,2017-06-27,21:00:46.381Z
b1f97470-5b7b-11e7-bec8-f11298c767ab,1-482ecff6bb3c1f6fe9534ceecdccd0e8,dt1,44444444,HaifaSensorTopic,json,2017-06-27T21:00:48.311Z,2,0,1,29.69,0.9,317,,,,,,,,,,,,,,,,,,,,,,,,2017-06-27,21:00:48.311Z
b3af7925-5b8c-11e7-bafa-69aa55149b82,1-1f42fa920a86c95e04c126f43d852d1d,dt1,77777777,HaifaSensorTopic,json,2017-06-27T23:02:32.626Z,8.3,-0.5,7.4,16.62,0.6,118,,,,,,,21.7,18.5,,,,,0,1,-0.04,1.6,,,,,,,,2017-06-27,23:02:32.626Z
b52002b0-5ad4-11e7-af6b-2995d6c87ad5,1-d9e22e07934e517696fcbf2558585c17,dt1,30303030,HaifaSensorTopic,json,2017-06-27T01:05:27.643Z,14,0,13,6.52,2,140,27.2,48,-0.4,,,,,,,,,,,,,,,,,,,,,2017-06-27,01:05:27.643Z
b5d176c1-5b34-11e7-9fcc-5155edd3565e,1-d0c5cbb2ca30e9cca72b29d979d1ea01,dt1,66666666,HaifaSensorTopic,json,2017-06-27T12:32:40.492Z,3.6,0,3.6,,3.2,351,,,-0.8,,44,28.6,,,,,,,0,-0.5,-0.09,,,,0,,,,,2017-06-27,12:32:40.492Z
b5d904f0-5b41-11e7-be76-c98d129bf71b,1-db77f1571cdd5b31227be7d81930d4c7,dt1,10101010,HaifaSensorTopic,json,2017-06-27T14:05:43.999Z,8.7,0.3,9.2,,2.4,343,21.2,84.6,-0.1,0.28,5,35.9,26.2,13,39,22.8,983,0,,,,,484.9,69,,,,,,2017-06-27,14:05:43.999Z
b65da1e0-5acb-11e7-af6b-2995d6c87ad5,1-8c84eed387efa079c982ead7ea09e9e6,dt1,55555555,HaifaSensorTopic,json,2017-06-27T00:01:04.254Z,10.2,-1.6,7.6,13.85,0.8,312,24.2,,0,,53,,,15.9,,,,,,,,,,,,,,,,2017-06-27,00:01:04.254Z
b74adb10-5b5a-11e7-be76-c98d129bf71b,1-72d8dd3c48019245c550b32dba8f4da6,dt1,30303030,HaifaSensorTopic,json,2017-06-27T17:04:43.841Z,12.4,0,12.4,10.41,0.7,280,26,,0.7,,,,24,,,,,,,,,,,56,,,,,,2017-06-27,17:04:43.841Z
b759e553-5b51-11e7-9fcc-5155edd3565e,1-de82eec22d5d3965a2486c965682acaf,dt1,33333333,HaifaSensorTopic,json,2017-06-27T16:00:18.469Z,,,,,,,,,0,,,,,,,,,,,,,,,,,,,,,2017-06-27,16:00:18.469Z
b75c25b0-5b45-11e7-bec8-f11298c767ab,1-b83b9012d1dc23104fe09f587ca73455,dt1,10101010,HaifaSensorTopic,json,2017-06-27T14:34:24.523Z,6.3,0,6.4,,2.3,336,21.3,82.8,0.1,0.27,5,25,25.6,11.4,39,13.6,983,0,,,,,355.7,70,,,,,,2017-06-27,14:34:24.523Z
b7ac4c71-5b90-11e7-be5b-9b2fbd9b47f7,1-5b2654ab2f6ea4beae3f741593d1c614,dt1,33333333,HaifaSensorTopic,json,2017-06-27T23:31:17.303Z,,,,,,,,,0,,,,,,,,,,,,,,,,,,,,,2017-06-27,23:31:17.303Z
b7bd4f21-5b5e-11e7-be46-11db47072f45,1-adcd05649a43583ab26ad1c48b2104d9,dt1,88888888,HaifaSensorTopic,json,2017-06-27T17:33:22.578Z,5.3,3.6,11,19.01,2,297,22.2,70.2,0,,19,20,25.3,12,44,8,1003,0,,,,,6.8,,,,,,,2017-06-27,17:33:22.578Z
b7cf6170-5b67-11e7-bad1-1187caee0f54,1-0952784eb5906fb61c37e1430be2bd37,dt1,60606060,HaifaSensorTopic,json,2017-06-27T18:37:48.167Z,4.8,-0.2,4.5,,,,,42,,0.2,,19,,10,,,,,0,0,0,,,,0.1,,,,,2017-06-27,18:37:48.167Z
b9689de1-5b4d-11e7-a93b-531f5ab624d9,1-61f0b7306dbb3bf6f4d80618c5456f18,dt1,44444444,HaifaSensorTopic,json,2017-06-27T15:31:43.934Z,6,0,6,23.57,2.1,324,,,,,,,,,,,,,,,,,,,,,,,,2017-06-27,15:31:43.934Z
b96931f7-5b80-11e7-be76-c98d129bf71b,1-a787757068cd6ea2bfca9b08092776ff,dt1,50505050,HaifaSensorTopic,json,2017-06-27T21:36:48.271Z,24.9,-0.4,24.2,27,0.8,346,24.8,72.6,0.2,,17,33,25,20.5,30,,,0,0.1,0.1,-0.19,,,65,2.3,,,,0.65,2017-06-27,21:36:48.271Z
b9a15460-5b3d-11e7-be5b-9b2fbd9b47f7,1-dfc730e0e6f31183ce6ba367eda366af,dt1,50505050,HaifaSensorTopic,json,2017-06-27T13:37:12.358Z,13.9,6.3,23.7,19.84,2.3,310,26.6,84.5,0,,17,27,27,20.7,30,,,0,0,0,-0.23,,,60,1,38,17,65,0.33,2017-06-27,13:37:12.358Z
ba47ff91-5b88-11e7-ba35-57d3c3dd3fe8,1-f1e9c5a47bcc42550e9a28f105bcaae9,dt1,30303030,HaifaSensorTopic,json,2017-06-27T22:34:05.705Z,-0.1,-0.1,-0.4,9.69,0.7,277,25.5,,0,,,,22.3,,,,,,,,,,,58,,,,,,2017-06-27,22:34:05.705Z
bae4fe50-5b45-11e7-be46-11db47072f45,1-550d118e4ec07f74a6863ca3bccadc67,dt1,20202020,HaifaSensorTopic,json,2017-06-27T14:34:30.453Z,16,0,17,11.94,5.2,328,26.8,80,1.2,,,,,,,,,,,,,,,,,,,,,2017-06-27,14:34:30.453Z
bb151060-5b84-11e7-9fcc-5155edd3565e,1-7378594081d82a89efc2fdb612bdb15b,dt1,30303030,HaifaSensorTopic,json,2017-06-27T22:05:29.062Z,-0.6,0,-0.7,9.08,0.6,278,25.7,,0,,,,22.4,,,,,,,,,,,57,,,,,,2017-06-27,22:05:29.062Z
bb617af1-5b3d-11e7-bec8-f11298c767ab,1-ac53ee5ff4457515f414fddf18edc921,dt1,60606060,HaifaSensorTopic,json,2017-06-27T13:37:15.295Z,2.1,0.5,2.7,,,,,41,,0.18,,18,,12,,,,,0,0,0,,,,0.1,,,,,2017-06-27,13:37:15.295Z
bb690324-5b8c-11e7-ba35-57d3c3dd3fe8,1-c9a409fee264b8ab19b730ba8bdeec62,dt1,88888888,HaifaSensorTopic,json,2017-06-27T23:02:45.586Z,6.8,3,11.5,14.79,0.2,347,22.3,58.2,,,20,21.3,23.9,10.2,44,11.1,1003,0,,,,,9.1,,,,,,,2017-06-27,23:02:45.586Z
bc00487d-5b3c-11e7-bec8-f11298c767ab,1-851fa979ecccfcfc510c2142ef2071dc,dt1,11111111,HaifaSensorTopic,json,2017-06-27T13:30:06.839Z,1.5,0,1.4,20.79,2.2,358,25,56.5,2.6,,,,,,,,,,,,,,,,,,,,,2017-06-27,13:30:06.839Z
bc592190-5b62-11e7-be76-c98d129bf71b,1-716de3510656268cf2ed8ae052418b2e,dt1,44444444,HaifaSensorTopic,json,2017-06-27T18:02:08.297Z,6,0,5,26.68,1.1,323,,,,,,,,,,,,,,,,,,,,,,,,2017-06-27,18:02:08.297Z
bfa51972-5b7c-11e7-bafa-69aa55149b82,1-a83be228496d5c54daf5e0983532b9d2,dt1,60606060,HaifaSensorTopic,json,2017-06-27T21:08:20.743Z,3.9,0.1,4.1,,,,,44,,0.18,,12,,8,,,,,0,0.1,0,,,,0.1,,,,,2017-06-27,21:08:20.743Z
c33fc7d3-5b39-11e7-b699-635e31eb489f,1-6304237f369e7dab99584742c7351f70,dt1,60606060,HaifaSensorTopic,json,2017-06-27T13:08:50.509Z,1,0.2,1.2,,,,,42,,0.18,,23,,13,,,,,0,0,0,,,,0,,,,,2017-06-27,13:08:50.509Z
c39eff00-5b5e-11e7-bec8-f11298c767ab,1-eb77ae0befb7f147b0b634602d32796a,dt1,99999999,HaifaSensorTopic,json,2017-06-27T17:33:42.512Z,23,1.9,26,,,,25.6,62.2,0.5,-0.04,14,28.2,23.9,15.1,2,13.1,1005,0,,,,,,,,,,,,2017-06-27,17:33:42.512Z
c5130e61-5acf-11e7-ba35-57d3c3dd3fe8,1-078e59069306f054c7c8e7e1fc3ff6ac,dt1,11111111,HaifaSensorTopic,json,2017-06-27T00:30:06.918Z,2.1,0,2.2,12.02,1.3,180,23.6,50.1,,,,,,,,,,,,,,,,,,,,,,2017-06-27,00:30:06.918Z
c588e4f3-5b6f-11e7-bec8-f11298c767ab,1-b5455e5d58b83674975e777c60ff9970,dt1,30303030,HaifaSensorTopic,json,2017-06-27T19:35:27.167Z,,,,11.56,0.7,282,25.8,,-0.1,,,,23.1,,,,,,,,,,,55,,,,,,2017-06-27,19:35:27.167Z
c5c3ce81-5ad4-11e7-be5b-9b2fbd9b47f7,1-39dce7265e03c796c2e49a60e401a68c,dt1,40404040,HaifaSensorTopic,json,2017-06-27T01:05:55.560Z,-0.1,-0.1,-0.3,2.78,0.7,278,25.5,,-0.1,,,,21.8,,,,,,,,,,,61,,,,,,2017-06-27,01:05:55.560Z
c730fc61-5b7f-11e7-a93b-531f5ab624d9,1-80fe5a7cdd20caf3e838b2e64d28fcde,dt1,11111111,HaifaSensorTopic,json,2017-06-27T21:30:01.894Z,2.1,-0.1,1.9,33.84,0.5,60,24.2,59.1,1.5,,,,,,,,,,,,,,,,,,,,,2017-06-27,21:30:01.894Z
c73c7da0-5b49-11e7-bad1-1187caee0f54,1-527941017e074a53218f8c9748b6d991,dt1,99999999,HaifaSensorTopic,json,2017-06-27T15:03:29.146Z,16.8,2,20,,,,25.7,69.2,0,-0.04,14,26.2,25.4,14,2,12.1,1004,0,,,,,,,,,,,,2017-06-27,15:03:29.146Z
c7678ba4-5b51-11e7-850b-2d29818a3f51,1-cfd5186042cddb547da5d09822a9542f,dt1,44444444,HaifaSensorTopic,json,2017-06-27T16:00:45.402Z,7,0,7,29.54,1.2,308,,,,,,,,,,,,,,,,,,,,,,,,2017-06-27,16:00:45.402Z
c7af18c1-5b4d-11e7-850b-2d29818a3f51,1-17b881b42ac81a0018394f3228b81f38,dt1,55555555,HaifaSensorTopic,json,2017-06-27T15:32:07.884Z,5.9,-1.9,3,22.58,2.1,316,23.2,82.8,0,,52,,,13,,,,,,,,,,,,,,,,2017-06-27,15:32:07.884Z
cb3eee10-5b80-11e7-be76-c98d129bf71b,1-d48267863904616aaf87f729b344684f,dt1,60606060,HaifaSensorTopic,json,2017-06-27T21:37:18.193Z,3.9,-0.1,3.7,,,,,35,,0.21,,19,,10,,,,,0,0,0,,,,0.1,,,,,2017-06-27,21:37:18.193Z
cbb7ad10-5b6b-11e7-bafa-69aa55149b82,1-e172c0c5bfad4a76fe95f274b9132af1,dt1,50505050,HaifaSensorTopic,json,2017-06-27T19:06:59.553Z,15.9,-0.3,15.3,23.99,0.8,44,25.8,76.5,0.3,,17,24,25.5,19.7,30,,,0,0,0,-0.2,,,64,0.9,12,0,11,0.68,2017-06-27,19:06:59.553Z
cca4f040-5b8c-11e7-be46-11db47072f45,1-95108af071c40bc16c0a99ed64d106d9,dt1,99999999,HaifaSensorTopic,json,2017-06-27T23:03:14.500Z,,,,,,,25.6,97.9,-1.3,-0.04,15,13.7,23.2,8.9,3,4.7,1004,0,,,,,,,,,,,,2017-06-27,23:03:14.500Z
ce2df9f7-5acb-11e7-850b-2d29818a3f51,1-8176c13e3695b2fa04638884afeda0a3,dt1,66666666,HaifaSensorTopic,json,2017-06-27T00:01:44.207Z,3.5,0,3.3,,1,339,,,-1.3,,44,18.7,,,,,,,0,-0.5,-0.09,,,,0,,,,,2017-06-27,00:01:44.207Z
d00d0700-5b77-11e7-850b-2d29818a3f51,1-3572d7000bea6a568f8d63da109f0eac,dt1,55555555,HaifaSensorTopic,json,2017-06-27T20:33:00.784Z,11.1,-1.8,8.2,19,1.7,311,23.6,71.7,0,,53,,,12.8,,,,,,,,,,,,,,,,2017-06-27,20:33:00.784Z
d0570b81-5b7b-11e7-bafa-69aa55149b82,1-16e468afbe4fb39606a17f41a08b24e8,dt1,55555555,HaifaSensorTopic,json,2017-06-27T21:01:39.256Z,11.6,-1.9,8.5,16.98,1.9,309,23.7,72.3,0,,53,,,15.1,,,,,,,,,,,,,,,,2017-06-27,21:01:39.256Z
d1c46081-5b62-11e7-9fcc-5155edd3565e,1-4e2584a4ae47654569ceb24a8d6e19a5,dt1,55555555,HaifaSensorTopic,json,2017-06-27T18:02:44.232Z,5.4,-1.8,2.5,22.18,1.3,314,23.6,77.6,0,,53,,,16.8,,,,,,,,,,,,,,,,2017-06-27,18:02:44.232Z
d262f0d0-5b6a-11e7-9fcc-5155edd3565e,1-90fb5450a4f3f31640cfc46904e7a968,dt1,11111111,HaifaSensorTopic,json,2017-06-27T19:00:01.245Z,2,-0.1,1.7,28.82,0.7,45,24.3,58.8,3,,,,,,,,,,,,,,,,,,,,,2017-06-27,19:00:01.245Z
d28f1ca0-5b38-11e7-b699-635e31eb489f,1-fafad7e55bb91975faffc5ddff5db2a0,dt1,33333333,HaifaSensorTopic,json,2017-06-27T13:02:06.698Z,,,,,,,,,0,,,,,,,,,,,,,,,,,,,,,2017-06-27,13:02:06.698Z
d2b92a90-5acf-11e7-bec8-f11298c767ab,1-acd4947b9f15df842ecf4f399e551d3f,dt1,33333333,HaifaSensorTopic,json,2017-06-27T00:30:29.817Z,,,,,,,,,0,,,,,,,,,,,,,,,,,,,,,2017-06-27,00:30:29.817Z
d2fa3ee2-5b56-11e7-ba35-57d3c3dd3fe8,1-016e122b9e3c54dc9fb8880fccef6a53,dt1,50505050,HaifaSensorTopic,json,2017-06-27T16:36:52.302Z,19.9,1.3,21.9,27.97,0.8,354,26.9,81.1,0.3,,17,24,25.8,20.3,30,,,0,0,0,-0.29,,,63,0.4,36,13,56,0.53,2017-06-27,16:36:52.302Z
d4d3ed70-5b41-11e7-ba35-57d3c3dd3fe8,1-50dd9565a259058335417d8ea3a587fa,dt1,20202020,HaifaSensorTopic,json,2017-06-27T14:06:35.975Z,13,0,14,15.85,5,336,26.8,90,1.1,,,,,,,,,,,,,,,,,,,,,2017-06-27,14:06:35.975Z
d4d5fc30-5b34-11e7-be46-11db47072f45,1-754b9fa4e6ad99f35a0791a86f73727d,dt1,77777777,HaifaSensorTopic,json,2017-06-27T12:33:32.531Z,9.9,0.9,11.3,15.29,3.5,312,,,0.3,,,,27.5,13.2,,,,,-0.2,0.2,-0.28,1.4,,,,,,,,2017-06-27,12:33:32.531Z
d4dce7fc-5b5e-11e7-bafa-69aa55149b82,1-6a1cf38832b94e1a8d4c8fccf75f0511,dt1,10101010,HaifaSensorTopic,json,2017-06-27T17:34:11.439Z,13.2,-0.2,12.7,,1.5,336,21.2,74.5,0,0.28,5,34.3,23.8,13,40,21.3,984,0,,,,,39.6,82,,,,,,2017-06-27,17:34:11.439Z
d5740c20-5b90-11e7-bafa-69aa55149b82,1-6c2738a1c562b7a6a7be747913737041,dt1,44444444,HaifaSensorTopic,json,2017-06-27T23:32:07.266Z,26,0,26,32.72,0.3,122,,,,,,,,,,,,,,,,,,,,,,,,2017-06-27,23:32:07.266Z
d8da5f12-5b84-11e7-be46-11db47072f45,1-811236161d7b38c4058a1c0ae305bfe2,dt1,50505050,HaifaSensorTopic,json,2017-06-27T22:06:19.009Z,13.8,-0.4,13.1,20.02,0.7,279,24.8,80.2,0,,17,31,24.8,20,30,,,0,0.1,0,-0.23,,,66,3,,,,0.51,2017-06-27,22:06:19.009Z
d9d7cd81-5b66-11e7-be5b-9b2fbd9b47f7,1-7a7e12540231cdcb7f09abe6ba17fdfc,dt1,33333333,HaifaSensorTopic,json,2017-06-27T18:31:35.768Z,,,,,,,,,0,,,,,,,,,,,,,,,,,,,,,2017-06-27,18:31:35.768Z
dc374de0-5b51-11e7-b699-635e31eb489f,1-238c01caf08700ecc75a3878dee00818,dt1,55555555,HaifaSensorTopic,json,2017-06-27T16:01:20.318Z,4.4,-2.1,1.2,22.15,1.8,311,23.3,82.8,0,,52,,,21.7,,,,,,,,,,,,,,,,2017-06-27,16:01:20.318Z
dd631720-5b66-11e7-be76-c98d129bf71b,1-f00e8bf0f47632aa619692aebd3e67c4,dt1,44444444,HaifaSensorTopic,json,2017-06-27T18:31:41.714Z,8,0,8,27.14,1.1,312,,,,,,,,,,,,,,,,,,,,,,,,2017-06-27,18:31:41.714Z
de0acbd0-5b45-11e7-af6b-2995d6c87ad5,1-e43de2ade232faf8e255e2b20f705d31,dt1,30303030,HaifaSensorTopic,json,2017-06-27T14:35:29.421Z,3.4,0.3,4,8.88,1.3,270,27.6,,0.9,,,,27.7,,,,,,,,,,,50,,,,,,2017-06-27,14:35:29.421Z
de7fe2f0-5ad0-11e7-af6b-2995d6c87ad5,1-0b60302b8b64b1c268c94d52b223b35b,dt1,60606060,HaifaSensorTopic,json,2017-06-27T00:37:59.071Z,26.1,0.1,26.4,54.37,0.6,175,23.1,50.9,1.5,,17,23.5,22.8,,,,,0,0.1,0.1,0.13,,,61,2.8,,,,,2017-06-27,00:37:59.071Z
def2c791-5b55-11e7-bec8-f11298c767ab,1-af7a6679ac299f1a91003c9d22a5ec8c,dt1,11111111,HaifaSensorTopic,json,2017-06-27T16:30:02.889Z,3.9,0.3,4.4,23.15,1.2,24,24.5,58.7,3.2,,,,,,,,,,,,,,,,,,,,,2017-06-27,16:30:02.889Z
df12a6a1-5b8c-11e7-be5b-9b2fbd9b47f7,1-88944897e00b615e368279d5400d8ebf,dt1,10101010,HaifaSensorTopic,json,2017-06-27T23:03:45.418Z,4.1,-0.3,3.6,,1.8,271,20.9,80.6,-0.3,,5,8.7,22.8,8.3,40,0.4,983,0,,,,,39.8,83,,,,,,2017-06-27,23:03:45.418Z
df233dba-5b66-11e7-af6b-2995d6c87ad5,1-bb7c1a204d5180f737a6f0a7562e4c48,dt1,55555555,HaifaSensorTopic,json,2017-06-27T18:31:44.651Z,4.5,-1.9,1.4,19.42,1.5,314,23.6,77.4,0,,53,,,17,,,,,,,,,,,,,,,,2017-06-27,18:31:44.651Z
e14a7ac0-5b77-11e7-be5b-9b2fbd9b47f7,1-d2fbbf0fa6d4b418b6907d56dd6389af,dt1,66666666,HaifaSensorTopic,json,2017-06-27T20:33:29.708Z,2.4,-0.6,1.4,,1.9,357,,,-0.8,,44,16.6,,,,,,,0,-0.5,-0.09,,,,0,,,,,2017-06-27,20:33:29.708Z
e1f24a20-5b90-11e7-bec8-f11298c767ab,1-84fe8c3717046b2907a6b2be03b671e2,dt1,55555555,HaifaSensorTopic,json,2017-06-27T23:32:28.226Z,9,-1.6,6.5,15.98,0.6,309,24,,0,,53,,,15.8,,,,,,,,,,,,,,,,2017-06-27,23:32:28.226Z
e20729f0-5b49-11e7-ba35-57d3c3dd3fe8,1-a7dff16f33be427de8ac9f20bae02b64,dt1,10101010,HaifaSensorTopic,json,2017-06-27T15:04:14.095Z,8.6,0,8.6,,2.2,332,21.4,81.6,-0.2,0.26,5,11,25.3,10.2,39,0.7,983,0,,,,,234.5,70,,,,,,2017-06-27,15:04:14.095Z
e3523371-5b3c-11e7-af6b-2995d6c87ad5,1-eedfed98d700ca0244dc04842ba5089a,dt1,33333333,HaifaSensorTopic,json,2017-06-27T13:31:12.807Z,,,,,,,,,0,,,,,,,,,,,,,,,,,,,,,2017-06-27,13:31:12.807Z
e3cf6b60-5b8c-11e7-af6b-2995d6c87ad5,1-77cecdbe9cb70323e5c055b22487fe5e,dt1,20202020,HaifaSensorTopic,json,2017-06-27T23:03:53.366Z,9,0,8,39.68,0.4,318,27,68,,,,,,,,,,,,,,,,,,,,,,2017-06-27,23:03:53.366Z
e4b6c121-5b6b-11e7-be76-c98d129bf71b,1-6e4e72f79625aa2e140947006b80c38f,dt1,60606060,HaifaSensorTopic,json,2017-06-27T19:07:41.490Z,1.7,0.1,1.9,,,,,45,,0.19,,19,,10,,,,,0,0.1,0,,,,0.1,,,,,2017-06-27,19:07:41.490Z
e501dc12-5b38-11e7-a93b-531f5ab624d9,1-b23f5c01ed24f9dc9c9eb23313ec68fc,dt1,44444444,HaifaSensorTopic,json,2017-06-27T13:02:37.649Z,7,1,9,24.06,3.2,298,,,,,,,,,,,,,,,,,,,,,,,,2017-06-27,13:02:37.649Z
e52de5d0-5acf-11e7-be46-11db47072f45,1-392d2bffa11362c03b83e4749148bb3b,dt1,44444444,HaifaSensorTopic,json,2017-06-27T00:31:00.781Z,37,13,57,22.4,0.5,112,,,,,,,,,,,,,,,,,,,,,,,,2017-06-27,00:31:00.781Z
e57bff00-5b41-11e7-bafa-69aa55149b82,1-3dcf46ceed9ac60a74c7e3014ab3a22f,dt1,30303030,HaifaSensorTopic,json,2017-06-27T14:07:03.920Z,3,0.2,3.5,6.65,1.4,271,27.7,,1.1,,,,28.7,,,,,,,,,,,44,,,,,,2017-06-27,14:07:03.920Z
e6b5ff75-5b5e-11e7-ba35-57d3c3dd3fe8,1-1f7dcec66710a2d6a4a008f5811beea9,dt1,20202020,HaifaSensorTopic,json,2017-06-27T17:34:41.383Z,13,0,12,11.34,4.2,329,27.3,79,0.5,,,,,,,,,,,,,,,,,,,,,2017-06-27,17:34:41.383Z
e8772980-5b34-11e7-be76-c98d129bf71b,1-8f7a204a6872c2e62f85cb894ce1ae83,dt1,88888888,HaifaSensorTopic,json,2017-06-27T12:34:05.464Z,4.4,3.8,10.3,24.36,3,284,21.9,74.9,0,,19,19.1,28.1,12.1,43,6.9,1002,0,,,,,273.3,,,,,,,2017-06-27,12:34:05.464Z
e8e1acc0-5ad4-11e7-850b-2d29818a3f51,1-546d8cea99bf2a8e63bc245412b11ef1,dt1,60606060,HaifaSensorTopic,json,2017-06-27T01:06:54.476Z,27.4,-0.3,26.8,4.7,2.5,118,23,39,1.1,,17,27.5,21.3,,,,,0,0.2,0.2,1.1,,,66,4.2,,,,,2017-06-27,01:06:54.476Z
e9a65151-5b4d-11e7-850b-2d29818a3f51,1-fb59595607d8e3a8a96ed4ba44c8baba,dt1,66666666,HaifaSensorTopic,json,2017-06-27T15:33:04.869Z,4.9,0,4.8,,2.1,8,,,-0.9,,44,22.1,,,,,,,0,-0.5,-0.07,,,,0,,,,,2017-06-27,15:33:04.869Z
eadade41-5b90-11e7-b699-635e31eb489f,1-bc0425fcd55108402bdee03c2845645d,dt1,66666666,HaifaSensorTopic,json,2017-06-27T23:32:43.172Z,2.3,-0.2,1.9,,1,353,,,-1,,44,16.9,,,,,,,0,-0.5,-0.09,,,,0,,,,,2017-06-27,23:32:43.172Z
eaebcb00-5b8c-11e7-bec8-f11298c767ab,1-e0faa903a5f4fcea4c6bb060175ec44c,dt1,30303030,HaifaSensorTopic,json,2017-06-27T23:04:05.296Z,-0.6,-0.2,-1,9.52,0.6,275,25.5,,-0.1,,,,22.1,,,,,,,,,,,59,,,,,,2017-06-27,23:04:05.296Z
eb5708a0-5acb-11e7-be5b-9b2fbd9b47f7,1-ced34ea41f67b18af5d511b4a2ef6bd3,dt1,77777777,HaifaSensorTopic,json,2017-06-27T00:02:33.130Z,5.6,-0.5,4.8,16.26,0.5,120,,,1.3,,,,20.8,22.2,,,,,-0.2,0.2,-0.21,1,,,,,,,,2017-06-27,00:02:33.130Z
ec538111-5b7b-11e7-bec8-f11298c767ab,1-147b55601aa76261d80f890d45d45d59,dt1,66666666,HaifaSensorTopic,json,2017-06-27T21:02:26.209Z,2.5,-0.4,1.8,,1.9,2,,,-0.7,,44,17.9,,,,,,,0,-0.5,-0.09,,,,0,,,,,2017-06-27,21:02:26.209Z
ec6cf661-5ad4-11e7-be76-c98d129bf71b,1-8772058bfcbb9298bca70e38179de321,dt1,70707070,HaifaSensorTopic,json,2017-06-27T01:07:00.422Z,4,-0.8,2.8,13.96,0.4,198,24.3,,,,,18,,14.6,30,,,,,,,,,,,6,0,6,0,2017-06-27,01:07:00.422Z
eca413e0-5b40-11e7-850b-2d29818a3f51,1-b927a727ea9c1d61926b716f5bcd17cd,dt1,11111111,HaifaSensorTopic,json,2017-06-27T14:00:06.430Z,1.7,-0.1,1.5,17.66,2.4,0,25,55.5,2.2,,,,,,,,,,,,,,,,,,,,,2017-06-27,14:00:06.430Z
ee57bee1-5b62-11e7-9fcc-5155edd3565e,1-1f607f2516eead436b766f1bb426b0f3,dt1,66666666,HaifaSensorTopic,json,2017-06-27T18:03:32.174Z,4.6,0.1,4.8,,1.5,12,,,-1,,44,17.8,,,,,,,0,-0.5,-0.07,,,,0.1,,,,,2017-06-27,18:03:32.174Z
ee8567f3-5b49-11e7-bafa-69aa55149b82,1-073b4da05ed1ae0cdf5c9fcb02f5a8ad,dt1,20202020,HaifaSensorTopic,json,2017-06-27T15:04:35.055Z,16,0,16,13.46,4.9,328,27,77,1.1,,,,,,,,,,,,,,,,,,,,,2017-06-27,15:04:35.055Z
ee9d1960-5b6f-11e7-ba35-57d3c3dd3fe8,1-9492fe04572e2b494c476d8fd1739296,dt1,50505050,HaifaSensorTopic,json,2017-06-27T19:36:36.086Z,9.3,-0.5,8.4,17.65,1.2,60,25.5,69.7,0.2,,17,26,25.4,18.9,30,,,0,0,0,-0.18,,,64,1.4,8,0,7,0.8,2017-06-27,19:36:36.086Z
f0e36ca1-5b7f-11e7-bec8-f11298c767ab,1-53f244daf1150be5fb0d3876c103c86f,dt1,33333333,HaifaSensorTopic,json,2017-06-27T21:31:11.850Z,,,,,,,,,0,,,,,,,,,,,,,,,,,,,,,2017-06-27,21:31:11.850Z
f10248a0-5b66-11e7-be76-c98d129bf71b,1-ad64dbf9d58285dc88b61d00789d7016,dt1,66666666,HaifaSensorTopic,json,2017-06-27T18:32:14.634Z,4.4,0,4.3,,1.5,9,,,-0.8,,44,16.4,,,,,,,0,-0.5,-0.03,,,,0,,,,,2017-06-27,18:32:14.634Z
f2e026d0-5b5a-11e7-af6b-2995d6c87ad5,1-0e7052dcffddf709b72810abecc5fc3a,dt1,50505050,HaifaSensorTopic,json,2017-06-27T17:06:23.805Z,15.1,0.5,16,30.26,0.7,355,26.7,77.2,0.2,,17,27,25.8,22.4,30,,,0,0,0,-0.22,,,63,0.4,28,9,43,0.65,2017-06-27,17:06:23.805Z
f40e0990-5b88-11e7-9fcc-5155edd3565e,1-062d6df233501938788ab7a2fb325c3e,dt1,50505050,HaifaSensorTopic,json,2017-06-27T22:35:42.633Z,2.8,-0.6,1.8,9.88,1,288,24.8,79.8,0,,17,25,24.7,17.9,30,,,0,0,0,-0.23,,,66,2.1,7,0,7,0.51,2017-06-27,22:35:42.633Z
f4534b90-5b6a-11e7-af6b-2995d6c87ad5,1-44de4f08ded055dbab9b9995ee0deb52,dt1,33333333,HaifaSensorTopic,json,2017-06-27T19:00:58.185Z,,,,,,,,,0,,,,,,,,,,,,,,,,,,,,,2017-06-27,19:00:58.185Z
f5a1a513-5b8c-11e7-a93b-531f5ab624d9,1-ef1f177825a12ae0076d96b570eb753b,dt1,50505050,HaifaSensorTopic,json,2017-06-27T23:04:23.265Z,3.2,-0.7,2,13.7,0.6,281,24.7,76.6,0,,17,21,24.7,17.1,30,,,0,0.1,0,-0.19,,,64,2.9,7,0,8,0.36,2017-06-27,23:04:23.265Z
f617cf00-5b56-11e7-bafa-69aa55149b82,1-33e7762e6cd12e2728d26feef960cb5e,dt1,60606060,HaifaSensorTopic,json,2017-06-27T16:37:51.216Z,5.8,0.2,6.1,,,,,44,,0.2,,21,,12,,,,,0,0,0,,,,0.1,,,,,2017-06-27,16:37:51.216Z
f76a5290-5b49-11e7-bec8-f11298c767ab,1-583ed9c54b68dc829b39bc470518014a,dt1,30303030,HaifaSensorTopic,json,2017-06-27T15:04:49.977Z,5,0.3,5.6,12.87,1,275,27.4,,0.7,,,,26.9,,,,,,,,,,,61,,,,,,2017-06-27,15:04:49.977Z
f76c03e0-5ad3-11e7-a93b-531f5ab624d9,1-e87243a89feafd55d788b79184d781f6,dt1,11111111,HaifaSensorTopic,json,2017-06-27T01:00:09.374Z,1.8,0,1.9,13.88,1.2,178,23.9,53.3,,,,,,,,,,,,,,,,,,,,,,2017-06-27,01:00:09.374Z
f77a6320-5ad0-11e7-bad1-1187caee0f54,1-9d448715be3d5c7016efeb97f82bfd0a,dt1,70707070,HaifaSensorTopic,json,2017-06-27T00:38:40.978Z,2.3,-0.7,1.1,12.17,0.5,196,24.4,,0.4,,,19,,15,30,,,,,,,,,,,3,0,2,0.24,2017-06-27,00:38:40.978Z
f8332230-5b88-11e7-a93b-531f5ab624d9,1-9ca31b7697f164c3889fee901ec02b08,dt1,60606060,HaifaSensorTopic,json,2017-06-27T22:35:49.587Z,,,,,,,,18,,0.32,,44,,28,,,,,0,0.1,0.1,,,,0.5,,,,,2017-06-27,22:35:49.587Z
f9027cf0-5b84-11e7-be5b-9b2fbd9b47f7,1-f2f44cca04c699771a6182ef3f2ef4d6,dt1,60606060,HaifaSensorTopic,json,2017-06-27T22:07:12.959Z,7.9,0.1,8.1,,,,,22,,0.27,,26,,16,,,,,0,0.1,0,,,,0.4,,,,,2017-06-27,22:07:12.959Z
f9f9dd70-5b51-11e7-be5b-9b2fbd9b47f7,1-eb29da543b45a97d2c32cbd35f51c603,dt1,66666666,HaifaSensorTopic,json,2017-06-27T16:02:10.247Z,5.4,0.4,6.1,,1.6,3,,,-0.8,,44,16.6,,,,,,,0,-0.5,-0.07,,,,0,,,,,2017-06-27,16:02:10.247Z
fae451c0-5b83-11e7-bafa-69aa55149b82,1-2c2faca1d116692238e99b8953e953e2,dt1,11111111,HaifaSensorTopic,json,2017-06-27T22:00:06.620Z,1.5,-0.2,1.1,50.74,0.3,339,24.2,59.8,1.6,,,,,,,,,,,,,,,,,,,,,2017-06-27,22:00:06.620Z
faef4e15-5b5e-11e7-a93b-531f5ab624d9,1-08f9a697911b62d30b916ec1b176ccf0,dt1,30303030,HaifaSensorTopic,json,2017-06-27T17:35:15.313Z,10.4,-0.2,10,19.87,0.6,283,26,,0.6,,,,23.5,,,,,,,,,,,62,,,,,,2017-06-27,17:35:15.313Z
fb355491-5b5a-11e7-b699-635e31eb489f,1-1a46a184d2176f55f663b2107f6258b9,dt1,60606060,HaifaSensorTopic,json,2017-06-27T17:06:37.785Z,5.9,0.1,6.1,,,,,42,,0.2,,21,,13,,,,,0,0.1,0,,,,0.1,,,,,2017-06-27,17:06:37.785Z
fd6c0320-5b38-11e7-ba35-57d3c3dd3fe8,1-6768cf2fce5aeb210ea7d376cc1c4f1c,dt1,55555555,HaifaSensorTopic,json,2017-06-27T13:03:18.610Z,11.4,-1.3,9.4,24.23,2.5,320,23.2,106,1.1,,52,,,16.9,,,,,,,,,,,,,,,,2017-06-27,13:03:18.610Z
fdc5a960-5acb-11e7-850b-2d29818a3f51,1-b7f4d0b9285a9884215b13aa1954c201,dt1,99999999,HaifaSensorTopic,json,2017-06-27T00:03:04.054Z,7.3,2.1,10.6,10.37,0,26,22.4,52,-0.1,,20,23.8,23.3,11.9,45,11.8,1002,0,,,,,9.4,,,,,,,2017-06-27,00:03:04.054Z
fe275490-5acf-11e7-be5b-9b2fbd9b47f7,1-868354b9dd09f92b2596f33a5e713098,dt1,55555555,HaifaSensorTopic,json,2017-06-27T00:31:42.681Z,10.1,-1.6,7.6,21.26,0.3,298,24,70.5,0,,53,,,11.4,,,,,,,,,,,,,,,,2017-06-27,00:31:42.681Z
